USER_ID,USER_ATTR,JOIN
U1,Female,1
U2,Male,2
U3,Male,3
U4,Female,4
U5,Male,5
U6,Male,6
U7,Female,7
U8,Female,8
U9,Male,9
U10,Male,10
U11,Male,11
U12,Male,12
U13,Male,13
U14,Female,14
U15,Male,15
U16,Male,16
U17,Female,17
U18,Female,18
U19,Male,19
U20,Male,20
U21,Male,21
U22,Male,22
U23,Female,23
U24,Male,24
U25,Female,25
U26,Male,26
U27,Female,27
U28,Female,28
U29,Male,29
U30,Female,30
U31,Male,31
U32,Male,32
U33,Female,33
U34,Male,34
U35,Female,35
U36,Female,36
U37,Female,37
U38,Male,38
U39,Female,39
U40,Male,40
U41,Male,41
U42,Male,42
U43,Female,43
U44,Female,44
U45,Male,45
U46,Male,46
U47,Male,47
U48,Male,48
U49,Male,49
U50,Male,50
U51,Female,51
U52,Female,52
U53,Female,53
U54,Male,54
U55,Female,55
U56,Male,56
U57,Female,57
U58,Female,58
U59,Female,59
U60,Male,60
U61,Male,61
U62,Male,62
U63,Male,63
U64,Male,64
U65,Female,65
U66,Male,66
U67,Male,67
U68,Male,68
U69,Male,69
U70,Male,70
U71,Male,71
U72,Male,72
U73,Male,73
U74,Male,74
U75,Female,75
U76,Female,76
U77,Male,77
U78,Female,78
U79,Female,79
U80,Female,80
U81,Male,81
U82,Male,82
U83,Male,83
U84,Male,84
U85,Male,85
U86,Male,86
U87,Female,87
U88,Female,88
U89,Male,89
U90,Female,90
U91,Male,91
U92,Male,92
U93,Female,93
U94,Male,94
U95,Male,95
U96,Male,96
U97,Female,97
U98,Male,98
U99,Male,99
U100,Male,100
U101,Female,101
U102,Male,102
U103,Male,103
U104,Male,104
U105,Male,105
U106,Male,106
U107,Male,107
U108,Male,108
U109,Male,109
U110,Male,110
U111,Female,111
U112,Male,112
U113,Male,113
U114,Male,114
U115,Male,115
U116,Male,116
U117,Male,117
U118,Male,118
U119,Male,119
U120,Female,120
U121,Female,121
U122,Female,122
U123,Male,123
U124,Male,124
U125,Male,125
U126,Male,126
U127,Male,127
U128,Male,128
U129,Male,129
U130,Male,130
U131,Male,131
U132,Female,132
U133,Female,133
U134,Male,134
U135,Female,135
U136,Male,136
U137,Male,137
U138,Female,138
U139,Male,139
U140,Male,140
U141,Female,141
U142,Female,142
U143,Male,143
U144,Male,144
U145,Male,145
U146,Male,146
U147,Male,147
U148,Male,148
U149,Male,149
U150,Female,150
U151,Male,151
U152,Male,152
U153,Male,153
U154,Male,154
U155,Male,155
U156,Male,156
U157,Male,157
U158,Male,158
U159,Female,159
U160,Male,160
U161,Male,161
U162,Female,162
U163,Male,163
U164,Female,164
U165,Male,165
U166,Male,166
U167,Female,167
U168,Male,168
U169,Male,169
U170,Female,170
U171,Male,171
U172,Female,172
U173,Male,173
U174,Female,174
U175,Male,175
U176,Female,176
U177,Female,177
U178,Male,178
U179,Male,179
U180,Male,180
U181,Male,181
U182,Male,182
U183,Male,183
U184,Male,184
U185,Female,185
U186,Female,186
U187,Male,187
U188,Female,188
U189,Male,189
U190,Female,190
U191,Male,191
U192,Female,192
U193,Female,193
U194,Male,194
U195,Female,195
U196,Male,196
U197,Male,197
U198,Female,198
U199,Male,199
U200,Male,200
U201,Male,201
U202,Male,202
U203,Female,203
U204,Male,204
U205,Male,205
U206,Male,206
U207,Male,207
U208,Male,208
U209,Female,209
U210,Male,210
U211,Male,211
U212,Female,212
U213,Male,213
U214,Female,214
U215,Male,215
U216,Male,216
U217,Male,217
U218,Male,218
U219,Male,219
U220,Male,220
U221,Male,221
U222,Male,222
U223,Female,223
U224,Male,224
U225,Male,225
U226,Female,226
U227,Female,227
U228,Male,228
U229,Female,229
U230,Male,230
U231,Female,231
U232,Female,232
U233,Male,233
U234,Female,234
U235,Male,235
U236,Male,236
U237,Female,237
U238,Male,238
U239,Female,239
U240,Male,240
U241,Female,241
U242,Female,242
U243,Male,243
U244,Female,244
U245,Male,245
U246,Female,246
U247,Male,247
U248,Male,248
U249,Male,249
U250,Female,250
U251,Male,251
U252,Male,252
U253,Female,253
U254,Female,254
U255,Female,255
U256,Male,256
U257,Male,257
U258,Male,258
U259,Male,259
U260,Female,260
U261,Female,261
U262,Male,262
U263,Male,263
U264,Female,264
U265,Female,265
U266,Male,266
U267,Female,267
U268,Male,268
U269,Female,269
U270,Male,270
U271,Male,271
U272,Female,272
U273,Female,273
U274,Male,274
U275,Male,275
U276,Female,276
U277,Male,277
U278,Female,278
U279,Male,279
U280,Female,280
U281,Female,281
U282,Male,282
U283,Male,283
U284,Female,284
U285,Male,285
U286,Male,286
U287,Male,287
U288,Female,288
U289,Male,289
U290,Male,290
U291,Male,291
U292,Male,292
U293,Male,293
U294,Male,294
U295,Male,295
U296,Male,296
U297,Male,297
U298,Female,298
U299,Male,299
U300,Male,300
U301,Male,301
U302,Male,302
U303,Male,303
U304,Male,304
U305,Male,305
U306,Female,306
U307,Female,307
U308,Female,308
U309,Female,309
U310,Male,310
U311,Female,311
U312,Male,312
U313,Female,313
U314,Female,314
U315,Male,315
U316,Female,316
U317,Male,317
U318,Female,318
U319,Female,319
U320,Male,320
U321,Male,321
U322,Male,322
U323,Female,323
U324,Female,324
U325,Female,325
U326,Female,326
U327,Male,327
U328,Female,328
U329,Male,329
U330,Male,330
U331,Male,331
U332,Female,332
U333,Female,333
U334,Male,334
U335,Male,335
U336,Male,336
U337,Male,337
U338,Male,338
U339,Male,339
U340,Female,340
U341,Male,341
U342,Male,342
U343,Male,343
U344,Female,344
U345,Male,345
U346,Female,346
U347,Female,347
U348,Male,348
U349,Male,349
U350,Male,350
U351,Male,351
U352,Male,352
U353,Female,353
U354,Female,354
U355,Male,355
U356,Female,356
U357,Female,357
U358,Male,358
U359,Male,359
U360,Male,360
U361,Male,361
U362,Male,362
U363,Male,363
U364,Female,364
U365,Female,365
U366,Male,366
U367,Male,367
U368,Male,368
U369,Female,369
U370,Female,370
U371,Male,371
U372,Male,372
U373,Male,373
U374,Male,374
U375,Female,375
U376,Male,376
U377,Female,377
U378,Female,378
U379,Male,379
U380,Female,380
U381,Male,381
U382,Female,382
U383,Male,383
U384,Male,384
U385,Male,385
U386,Male,386
U387,Female,387
U388,Male,388
U389,Male,389
U390,Female,390
U391,Male,391
U392,Male,392
U393,Male,393
U394,Male,394
U395,Male,395
U396,Male,396
U397,Female,397
U398,Female,398
U399,Male,399
U400,Male,400
U401,Female,401
U402,Male,402
U403,Female,403
U404,Female,404
U405,Male,405
U406,Male,406
U407,Female,407
U408,Male,408
U409,Male,409
U410,Female,410
U411,Male,411
U412,Male,412
U413,Female,413
U414,Male,414
U415,Female,415
U416,Male,416
U417,Female,417
U418,Male,418
U419,Male,419
U420,Female,420
U421,Male,421
U422,Male,422
U423,Male,423
U424,Female,424
U425,Female,425
U426,Male,426
U427,Male,427
U428,Female,428
U429,Male,429
U430,Male,430
U431,Female,431
U432,Male,432
U433,Male,433
U434,Male,434
U435,Male,435
U436,Female,436
U437,Female,437
U438,Male,438
U439,Female,439
U440,Male,440
U441,Male,441
U442,Male,442
U443,Male,443
U444,Male,444
U445,Male,445
U446,Female,446
U447,Male,447
U448,Male,448
U449,Female,449
U450,Male,450
U451,Female,451
U452,Male,452
U453,Male,453
U454,Female,454
U455,Female,455
U456,Male,456
U457,Male,457
U458,Female,458
U459,Male,459
U460,Male,460
U461,Male,461
U462,Male,462
U463,Male,463
U464,Female,464
U465,Male,465
U466,Female,466
U467,Female,467
U468,Male,468
U469,Male,469
U470,Male,470
U471,Male,471
U472,Male,472
U473,Male,473
U474,Male,474
U475,Male,475
U476,Male,476
U477,Female,477
U478,Male,478
U479,Male,479
U480,Male,480
U481,Male,481
U482,Female,482
U483,Male,483
U484,Male,484
U485,Female,485
U486,Male,486
U487,Female,487
U488,Female,488
U489,Male,489
U490,Male,490
U491,Female,491
U492,Female,492
U493,Female,493
U494,Male,494
U495,Female,495
U496,Male,496
U497,Male,497
U498,Male,498
U499,Female,499
U500,Female,500
U501,Male,501
U502,Female,502
U503,Male,503
U504,Male,504
U505,Male,505
U506,Female,506
U507,Female,507
U508,Female,508
U509,Female,509
U510,Male,510
U511,Female,511
U512,Female,512
U513,Male,513
U514,Male,514
U515,Male,515
U516,Female,516
U517,Male,517
U518,Male,518
U519,Female,519
U520,Male,520
U521,Male,521
U522,Male,522
U523,Male,523
U524,Female,524
U525,Male,525
U526,Female,526
U527,Male,527
U528,Female,528
U529,Female,529
U530,Male,530
U531,Female,531
U532,Female,532
U533,Female,533
U534,Male,534
U535,Male,535
U536,Male,536
U537,Female,537
U538,Female,538
U539,Male,539
U540,Male,540
U541,Female,541
U542,Male,542
U543,Male,543
U544,Male,544
U545,Female,545
U546,Female,546
U547,Male,547
U548,Male,548
U549,Male,549
U550,Female,550
U551,Male,551
U552,Female,552
U553,Female,553
U554,Female,554
U555,Male,555
U556,Female,556
U557,Male,557
U558,Male,558
U559,Female,559
U560,Female,560
U561,Male,561
U562,Female,562
U563,Male,563
U564,Female,564
U565,Male,565
U566,Male,566
U567,Female,567
U568,Female,568
U569,Female,569
U570,Male,570
U571,Male,571
U572,Male,572
U573,Female,573
U574,Male,574
U575,Male,575
U576,Male,576
U577,Female,577
U578,Male,578
U579,Male,579
U580,Male,580
U581,Male,581
U582,Male,582
U583,Male,583
U584,Male,584
U585,Female,585
U586,Male,586
U587,Female,587
U588,Male,588
U589,Female,589
U590,Male,590
U591,Female,591
U592,Female,592
U593,Female,593
U594,Female,594
U595,Male,595
U596,Female,596
U597,Female,597
U598,Female,598
U599,Male,599
U600,Female,600
U601,Male,601
U602,Female,602
U603,Female,603
U604,Male,604
U605,Male,605
U606,Male,606
U607,Male,607
U608,Male,608
U609,Female,609
U610,Female,610
U611,Female,611
U612,Male,612
U613,Female,613
U614,Female,614
U615,Male,615
U616,Female,616
U617,Male,617
U618,Female,618
U619,Male,619
U620,Male,620
U621,Male,621
U622,Male,622
U623,Female,623
U624,Female,624
U625,Male,625
U626,Male,626
U627,Male,627
U628,Female,628
U629,Female,629
U630,Male,630
U631,Male,631
U632,Male,632
U633,Male,633
U634,Male,634
U635,Female,635
U636,Male,636
U637,Male,637
U638,Male,638
U639,Male,639
U640,Male,640
U641,Male,641
U642,Female,642
U643,Female,643
U644,Male,644
U645,Male,645
U646,Male,646
U647,Female,647
U648,Male,648
U649,Female,649
U650,Female,650
U651,Male,651
U652,Female,652
U653,Female,653
U654,Female,654
U655,Male,655
U656,Male,656
U657,Male,657
U658,Male,658
U659,Male,659
U660,Female,660
U661,Male,661
U662,Male,662
U663,Male,663
U664,Male,664
U665,Male,665
U666,Female,666
U667,Male,667
U668,Male,668
U669,Male,669
U670,Male,670
U671,Female,671
U672,Male,672
U673,Male,673
U674,Male,674
U675,Male,675
U676,Male,676
U677,Male,677
U678,Male,678
U679,Male,679
U680,Female,680
U681,Male,681
U682,Male,682
U683,Male,683
U684,Male,684
U685,Female,685
U686,Male,686
U687,Male,687
U688,Male,688
U689,Male,689
U690,Male,690
U691,Male,691
U692,Male,692
U693,Female,693
U694,Male,694
U695,Female,695
U696,Female,696
U697,Male,697
U698,Male,698
U699,Male,699
U700,Female,700
U701,Female,701
U702,Female,702
U703,Male,703
U704,Male,704
U705,Male,705
U706,Male,706
U707,Male,707
U708,Male,708
U709,Male,709
U710,Female,710
U711,Male,711
U712,Male,712
U713,Male,713
U714,Male,714
U715,Female,715
U716,Female,716
U717,Female,717
U718,Male,718
U719,Male,719
U720,Male,720
U721,Female,721
U722,Male,722
U723,Male,723
U724,Male,724
U725,Male,725
U726,Male,726
U727,Female,727
U728,Female,728
U729,Male,729
U730,Female,730
U731,Male,731
U732,Male,732
U733,Male,733
U734,Male,734
U735,Male,735
U736,Male,736
U737,Male,737
U738,Female,738
U739,Male,739
U740,Male,740
U741,Male,741
U742,Female,742
U743,Female,743
U744,Male,744
U745,Male,745
U746,Male,746
U747,Male,747
U748,Female,748
U749,Female,749
U750,Male,750
U751,Female,751
U752,Female,752
U753,Female,753
U754,Male,754
U755,Male,755
U756,Male,756
U757,Female,757
U758,Female,758
U759,Male,759
U760,Female,760
U761,Male,761
U762,Male,762
U763,Male,763
U764,Male,764
U765,Male,765
U766,Female,766
U767,Female,767
U768,Male,768
U769,Male,769
U770,Female,770
U771,Male,771
U772,Male,772
U773,Female,773
U774,Female,774
U775,Female,775
U776,Male,776
U777,Female,777
U778,Male,778
U779,Female,779
U780,Male,780
U781,Male,781
U782,Male,782
U783,Female,783
U784,Male,784
U785,Male,785
U786,Female,786
U787,Female,787
U788,Male,788
U789,Male,789
U790,Male,790
U791,Female,791
U792,Male,792
U793,Female,793
U794,Male,794
U795,Female,795
U796,Male,796
U797,Male,797
U798,Male,798
U799,Male,799
U800,Male,800
U801,Male,801
U802,Male,802
U803,Male,803
U804,Female,804
U805,Male,805
U806,Male,806
U807,Female,807
U808,Male,808
U809,Male,809
U810,Female,810
U811,Male,811
U812,Male,812
U813,Male,813
U814,Male,814
U815,Male,815
U816,Male,816
U817,Male,817
U818,Male,818
U819,Male,819
U820,Female,820
U821,Male,821
U822,Female,822
U823,Female,823
U824,Female,824
U825,Female,825
U826,Male,826
U827,Male,827
U828,Female,828
U829,Male,829
U830,Male,830
U831,Male,831
U832,Female,832
U833,Female,833
U834,Male,834
U835,Male,835
U836,Female,836
U837,Male,837
U838,Male,838
U839,Male,839
U840,Female,840
U841,Male,841
U842,Male,842
U843,Male,843
U844,Male,844
U845,Male,845
U846,Female,846
U847,Male,847
U848,Male,848
U849,Female,849
U850,Male,850
U851,Male,851
U852,Female,852
U853,Female,853
U854,Male,854
U855,Male,855
U856,Female,856
U857,Male,857
U858,Male,858
U859,Female,859
U860,Male,860
U861,Female,861
U862,Male,862
U863,Female,863
U864,Male,864
U865,Female,865
U866,Female,866
U867,Male,867
U868,Male,868
U869,Male,869
U870,Male,870
U871,Female,871
U872,Male,872
U873,Male,873
U874,Male,874
U875,Male,875
U876,Male,876
U877,Female,877
U878,Female,878
U879,Female,879
U880,Male,880
U881,Male,881
U882,Female,882
U883,Female,883
U884,Male,884
U885,Male,885
U886,Female,886
U887,Female,887
U888,Male,888
U889,Male,889
U890,Female,890
U891,Male,891
U892,Male,892
U893,Male,893
U894,Male,894
U895,Male,895
U896,Female,896
U897,Female,897
U898,Female,898
U899,Male,899
U900,Male,900
U901,Male,901
U902,Female,902
U903,Male,903
U904,Male,904
U905,Female,905
U906,Female,906
U907,Female,907
U908,Male,908
U909,Male,909
U910,Male,910
U911,Female,911
U912,Male,912
U913,Male,913
U914,Male,914
U915,Male,915
U916,Male,916
U917,Male,917
U918,Male,918
U919,Female,919
U920,Female,920
U921,Male,921
U922,Female,922
U923,Male,923
U924,Male,924
U925,Male,925
U926,Male,926
U927,Female,927
U928,Male,928
U929,Male,929
U930,Female,930
U931,Male,931
U932,Female,932
U933,Female,933
U934,Male,934
U935,Female,935
U936,Female,936
U937,Female,937
U938,Male,938
U939,Female,939
U940,Male,940
U941,Male,941
U942,Male,942
U943,Male,943
U944,Male,944
U945,Male,945
U946,Male,946
U947,Female,947
U948,Male,948
U949,Female,949
U950,Male,950
U951,Male,951
U952,Male,952
U953,Female,953
U954,Male,954
U955,Male,955
U956,Male,956
U957,Female,957
U958,Male,958
U959,Male,959
U960,Female,960
U961,Male,961
U962,Male,962
U963,Male,963
U964,Male,964
U965,Male,965
U966,Male,966
U967,Male,967
U968,Female,968
U969,Female,969
U970,Male,970
U971,Female,971
U972,Male,972
U973,Female,973
U974,Male,974
U975,Male,975
U976,Female,976
U977,Female,977
U978,Female,978
U979,Male,979
U980,Male,980
U981,Female,981
U982,Female,982
U983,Female,983
U984,Male,984
U985,Male,985
U986,Male,986
U987,Male,987
U988,Male,988
U989,Male,989
U990,Female,990
U991,Female,991
U992,Female,992
U993,Male,993
U994,Male,994
U995,Female,995
U996,Male,996
U997,Male,997
U998,Female,998
U999,Male,999
U1000,Male,1000
U1001,Male,1001
U1002,Female,1002
U1003,Male,1003
U1004,Male,1004
U1005,Male,1005
U1006,Female,1006
U1007,Male,1007
U1008,Female,1008
U1009,Male,1009
U1010,Male,1010
U1011,Female,1011
U1012,Male,1012
U1013,Male,1013
U1014,Female,1014
U1015,Female,1015
U1016,Male,1016
U1017,Male,1017
U1018,Female,1018
U1019,Male,1019
U1020,Male,1020
U1021,Male,1021
U1022,Female,1022
U1023,Female,1023
U1024,Female,1024
U1025,Male,1025
U1026,Male,1026
U1027,Female,1027
U1028,Male,1028
U1029,Female,1029
U1030,Male,1030
U1031,Female,1031
U1032,Male,1032
U1033,Male,1033
U1034,Male,1034
U1035,Male,1035
U1036,Male,1036
U1037,Male,1037
U1038,Female,1038
U1039,Male,1039
U1040,Female,1040
U1041,Female,1041
U1042,Female,1042
U1043,Male,1043
U1044,Female,1044
U1045,Female,1045
U1046,Male,1046
U1047,Female,1047
U1048,Female,1048
U1049,Female,1049
U1050,Male,1050
U1051,Male,1051
U1052,Male,1052
U1053,Female,1053
U1054,Male,1054
U1055,Male,1055
U1056,Male,1056
U1057,Male,1057
U1058,Female,1058
U1059,Female,1059
U1060,Female,1060
U1061,Male,1061
U1062,Female,1062
U1063,Male,1063
U1064,Male,1064
U1065,Female,1065
U1066,Male,1066
U1067,Male,1067
U1068,Male,1068
U1069,Female,1069
U1070,Male,1070
U1071,Male,1071
U1072,Female,1072
U1073,Male,1073
U1074,Female,1074
U1075,Female,1075
U1076,Female,1076
U1077,Male,1077
U1078,Female,1078
U1079,Male,1079
U1080,Male,1080
U1081,Female,1081
U1082,Female,1082
U1083,Female,1083
U1084,Female,1084
U1085,Female,1085
U1086,Male,1086
U1087,Female,1087
U1088,Female,1088
U1089,Male,1089
U1090,Male,1090
U1091,Female,1091
U1092,Female,1092
U1093,Male,1093
U1094,Female,1094
U1095,Female,1095
U1096,Male,1096
U1097,Female,1097
U1098,Female,1098
U1099,Female,1099
U1100,Female,1100
U1101,Male,1101
U1102,Female,1102
U1103,Female,1103
U1104,Male,1104
U1105,Male,1105
U1106,Male,1106
U1107,Female,1107
U1108,Male,1108
U1109,Female,1109
U1110,Female,1110
U1111,Male,1111
U1112,Female,1112
U1113,Female,1113
U1114,Female,1114
U1115,Male,1115
U1116,Female,1116
U1117,Male,1117
U1118,Female,1118
U1119,Male,1119
U1120,Male,1120
U1121,Male,1121
U1122,Male,1122
U1123,Male,1123
U1124,Male,1124
U1125,Male,1125
U1126,Female,1126
U1127,Female,1127
U1128,Male,1128
U1129,Female,1129
U1130,Female,1130
U1131,Male,1131
U1132,Female,1132
U1133,Female,1133
U1134,Male,1134
U1135,Female,1135
U1136,Male,1136
U1137,Male,1137
U1138,Male,1138
U1139,Female,1139
U1140,Male,1140
U1141,Male,1141
U1142,Male,1142
U1143,Female,1143
U1144,Male,1144
U1145,Male,1145
U1146,Female,1146
U1147,Female,1147
U1148,Female,1148
U1149,Male,1149
U1150,Male,1150
U1151,Female,1151
U1152,Male,1152
U1153,Female,1153
U1154,Female,1154
U1155,Female,1155
U1156,Male,1156
U1157,Male,1157
U1158,Female,1158
U1159,Male,1159
U1160,Female,1160
U1161,Male,1161
U1162,Female,1162
U1163,Male,1163
U1164,Male,1164
U1165,Female,1165
U1166,Male,1166
U1167,Female,1167
U1168,Male,1168
U1169,Male,1169
U1170,Female,1170
U1171,Male,1171
U1172,Female,1172
U1173,Female,1173
U1174,Female,1174
U1175,Female,1175
U1176,Male,1176
U1177,Female,1177
U1178,Female,1178
U1179,Male,1179
U1180,Male,1180
U1181,Male,1181
U1182,Male,1182
U1183,Female,1183
U1184,Female,1184
U1185,Male,1185
U1186,Female,1186
U1187,Male,1187
U1188,Female,1188
U1189,Male,1189
U1190,Male,1190
U1191,Male,1191
U1192,Female,1192
U1193,Male,1193
U1194,Male,1194
U1195,Female,1195
U1196,Male,1196
U1197,Female,1197
U1198,Male,1198
U1199,Male,1199
U1200,Male,1200
U1201,Female,1201
U1202,Male,1202
U1203,Female,1203
U1204,Male,1204
U1205,Female,1205
U1206,Male,1206
U1207,Female,1207
U1208,Female,1208
U1209,Male,1209
U1210,Female,1210
U1211,Male,1211
U1212,Male,1212
U1213,Female,1213
U1214,Female,1214
U1215,Female,1215
U1216,Male,1216
U1217,Male,1217
U1218,Female,1218
U1219,Male,1219
U1220,Female,1220
U1221,Female,1221
U1222,Female,1222
U1223,Male,1223
U1224,Male,1224
U1225,Female,1225
U1226,Male,1226
U1227,Female,1227
U1228,Female,1228
U1229,Female,1229
U1230,Male,1230
U1231,Male,1231
U1232,Male,1232
U1233,Male,1233
U1234,Female,1234
U1235,Male,1235
U1236,Female,1236
U1237,Male,1237
U1238,Male,1238
U1239,Male,1239
U1240,Male,1240
U1241,Male,1241
U1242,Female,1242
U1243,Male,1243
U1244,Male,1244
U1245,Male,1245
U1246,Female,1246
U1247,Female,1247
U1248,Female,1248
U1249,Male,1249
U1250,Female,1250
U1251,Male,1251
U1252,Male,1252
U1253,Male,1253
U1254,Male,1254
U1255,Female,1255
U1256,Male,1256
U1257,Female,1257
U1258,Male,1258
U1259,Female,1259
U1260,Male,1260
U1261,Female,1261
U1262,Female,1262
U1263,Male,1263
U1264,Male,1264
U1265,Male,1265
U1266,Female,1266
U1267,Female,1267
U1268,Female,1268
U1269,Male,1269
U1270,Male,1270
U1271,Male,1271
U1272,Male,1272
U1273,Male,1273
U1274,Male,1274
U1275,Male,1275
U1276,Male,1276
U1277,Female,1277
U1278,Male,1278
U1279,Male,1279
U1280,Female,1280
U1281,Male,1281
U1282,Male,1282
U1283,Female,1283
U1284,Male,1284
U1285,Female,1285
U1286,Female,1286
U1287,Male,1287
U1288,Female,1288
U1289,Male,1289
U1290,Male,1290
U1291,Female,1291
U1292,Female,1292
U1293,Female,1293
U1294,Male,1294
U1295,Female,1295
U1296,Male,1296
U1297,Male,1297
U1298,Male,1298
U1299,Male,1299
U1300,Female,1300
U1301,Female,1301
U1302,Female,1302
U1303,Male,1303
U1304,Male,1304
U1305,Male,1305
U1306,Female,1306
U1307,Female,1307
U1308,Female,1308
U1309,Male,1309
U1310,Male,1310
U1311,Male,1311
U1312,Male,1312
U1313,Male,1313
U1314,Male,1314
U1315,Female,1315
U1316,Female,1316
U1317,Male,1317
U1318,Female,1318
U1319,Female,1319
U1320,Male,1320
U1321,Male,1321
U1322,Female,1322
U1323,Male,1323
U1324,Male,1324
U1325,Female,1325
U1326,Male,1326
U1327,Male,1327
U1328,Male,1328
U1329,Female,1329
U1330,Female,1330
U1331,Male,1331
U1332,Female,1332
U1333,Male,1333
U1334,Female,1334
U1335,Male,1335
U1336,Female,1336
U1337,Male,1337
U1338,Male,1338
U1339,Male,1339
U1340,Female,1340
U1341,Female,1341
U1342,Female,1342
U1343,Female,1343
U1344,Female,1344
U1345,Female,1345
U1346,Male,1346
U1347,Female,1347
U1348,Female,1348
U1349,Male,1349
U1350,Female,1350
U1351,Male,1351
U1352,Male,1352
U1353,Male,1353
U1354,Female,1354
U1355,Male,1355
U1356,Female,1356
U1357,Female,1357
U1358,Female,1358
U1359,Male,1359
U1360,Female,1360
U1361,Male,1361
U1362,Female,1362
U1363,Male,1363
U1364,Male,1364
U1365,Male,1365
U1366,Male,1366
U1367,Male,1367
U1368,Male,1368
U1369,Male,1369
U1370,Male,1370
U1371,Female,1371
U1372,Male,1372
U1373,Male,1373
U1374,Female,1374
U1375,Female,1375
U1376,Female,1376
U1377,Male,1377
U1378,Male,1378
U1379,Male,1379
U1380,Female,1380
U1381,Male,1381
U1382,Female,1382
U1383,Male,1383
U1384,Female,1384
U1385,Male,1385
U1386,Female,1386
U1387,Male,1387
U1388,Male,1388
U1389,Male,1389
U1390,Female,1390
U1391,Male,1391
U1392,Female,1392
U1393,Male,1393
U1394,Female,1394
U1395,Female,1395
U1396,Male,1396
U1397,Male,1397
U1398,Female,1398
U1399,Male,1399
U1400,Female,1400
U1401,Male,1401
U1402,Female,1402
U1403,Female,1403
U1404,Male,1404
U1405,Male,1405
U1406,Male,1406
U1407,Male,1407
U1408,Female,1408
U1409,Female,1409
U1410,Male,1410
U1411,Male,1411
U1412,Male,1412
U1413,Male,1413
U1414,Female,1414
U1415,Male,1415
U1416,Female,1416
U1417,Female,1417
U1418,Male,1418
U1419,Male,1419
U1420,Male,1420
U1421,Female,1421
U1422,Male,1422
U1423,Male,1423
U1424,Female,1424
U1425,Female,1425
U1426,Female,1426
U1427,Male,1427
U1428,Female,1428
U1429,Female,1429
U1430,Female,1430
U1431,Female,1431
U1432,Male,1432
U1433,Male,1433
U1434,Female,1434
U1435,Female,1435
U1436,Male,1436
U1437,Female,1437
U1438,Male,1438
U1439,Male,1439
U1440,Male,1440
U1441,Male,1441
U1442,Male,1442
U1443,Female,1443
U1444,Male,1444
U1445,Female,1445
U1446,Male,1446
U1447,Male,1447
U1448,Male,1448
U1449,Female,1449
U1450,Male,1450
U1451,Female,1451
U1452,Female,1452
U1453,Male,1453
U1454,Male,1454
U1455,Female,1455
U1456,Male,1456
U1457,Male,1457
U1458,Female,1458
U1459,Male,1459
U1460,Female,1460
U1461,Female,1461
U1462,Female,1462
U1463,Male,1463
U1464,Male,1464
U1465,Female,1465
U1466,Male,1466
U1467,Female,1467
U1468,Male,1468
U1469,Male,1469
U1470,Male,1470
U1471,Male,1471
U1472,Male,1472
U1473,Female,1473
U1474,Male,1474
U1475,Male,1475
U1476,Male,1476
U1477,Male,1477
U1478,Male,1478
U1479,Male,1479
U1480,Female,1480
U1481,Male,1481
U1482,Female,1482
U1483,Male,1483
U1484,Male,1484
U1485,Male,1485
U1486,Male,1486
U1487,Female,1487
U1488,Male,1488
U1489,Male,1489
U1490,Female,1490
U1491,Female,1491
U1492,Male,1492
U1493,Female,1493
U1494,Female,1494
U1495,Male,1495
U1496,Male,1496
U1497,Male,1497
U1498,Male,1498
U1499,Male,1499
U1500,Female,1500
U1501,Female,1501
U1502,Male,1502
U1503,Male,1503
U1504,Male,1504
U1505,Male,1505
U1506,Female,1506
U1507,Male,1507
U1508,Male,1508
U1509,Male,1509
U1510,Male,1510
U1511,Male,1511
U1512,Male,1512
U1513,Male,1513
U1514,Female,1514
U1515,Female,1515
U1516,Female,1516
U1517,Female,1517
U1518,Female,1518
U1519,Male,1519
U1520,Female,1520
U1521,Male,1521
U1522,Male,1522
U1523,Male,1523
U1524,Female,1524
U1525,Female,1525
U1526,Male,1526
U1527,Male,1527
U1528,Male,1528
U1529,Male,1529
U1530,Female,1530
U1531,Male,1531
U1532,Male,1532
U1533,Male,1533
U1534,Male,1534
U1535,Female,1535
U1536,Male,1536
U1537,Male,1537
U1538,Female,1538
U1539,Female,1539
U1540,Male,1540
U1541,Male,1541
U1542,Female,1542
U1543,Male,1543
U1544,Male,1544
U1545,Male,1545
U1546,Female,1546
U1547,Female,1547
U1548,Male,1548
U1549,Male,1549
U1550,Male,1550
U1551,Male,1551
U1552,Male,1552
U1553,Female,1553
U1554,Male,1554
U1555,Female,1555
U1556,Female,1556
U1557,Female,1557
U1558,Male,1558
U1559,Female,1559
U1560,Male,1560
U1561,Male,1561
U1562,Male,1562
U1563,Male,1563
U1564,Male,1564
U1565,Male,1565
U1566,Female,1566
U1567,Male,1567
U1568,Male,1568
U1569,Female,1569
U1570,Male,1570
U1571,Male,1571
U1572,Male,1572
U1573,Male,1573
U1574,Female,1574
U1575,Male,1575
U1576,Female,1576
U1577,Male,1577
U1578,Male,1578
U1579,Male,1579
U1580,Male,1580
U1581,Male,1581
U1582,Female,1582
U1583,Female,1583
U1584,Female,1584
U1585,Male,1585
U1586,Female,1586
U1587,Male,1587
U1588,Female,1588
U1589,Female,1589
U1590,Male,1590
U1591,Male,1591
U1592,Female,1592
U1593,Female,1593
U1594,Male,1594
U1595,Female,1595
U1596,Male,1596
U1597,Male,1597
U1598,Female,1598
U1599,Male,1599
U1600,Male,1600
U1601,Male,1601
U1602,Male,1602
U1603,Female,1603
U1604,Male,1604
U1605,Male,1605
U1606,Female,1606
U1607,Female,1607
U1608,Male,1608
U1609,Male,1609
U1610,Male,1610
U1611,Male,1611
U1612,Female,1612
U1613,Female,1613
U1614,Male,1614
U1615,Female,1615
U1616,Male,1616
U1617,Male,1617
U1618,Male,1618
U1619,Male,1619
U1620,Female,1620
U1621,Male,1621
U1622,Female,1622
U1623,Male,1623
U1624,Male,1624
U1625,Male,1625
U1626,Female,1626
U1627,Male,1627
U1628,Female,1628
U1629,Male,1629
U1630,Female,1630
U1631,Male,1631
U1632,Male,1632
U1633,Male,1633
U1634,Male,1634
U1635,Male,1635
U1636,Female,1636
U1637,Male,1637
U1638,Male,1638
U1639,Male,1639
U1640,Female,1640
U1641,Female,1641
U1642,Male,1642
U1643,Male,1643
U1644,Female,1644
U1645,Female,1645
U1646,Male,1646
U1647,Male,1647
U1648,Male,1648
U1649,Male,1649
U1650,Male,1650
U1651,Female,1651
U1652,Female,1652
U1653,Male,1653
U1654,Male,1654
U1655,Male,1655
U1656,Male,1656
U1657,Male,1657
U1658,Male,1658
U1659,Female,1659
U1660,Male,1660
U1661,Female,1661
U1662,Male,1662
U1663,Male,1663
U1664,Male,1664
U1665,Female,1665
U1666,Male,1666
U1667,Male,1667
U1668,Female,1668
U1669,Female,1669
U1670,Female,1670
U1671,Male,1671
U1672,Male,1672
U1673,Male,1673
U1674,Female,1674
U1675,Female,1675
U1676,Female,1676
U1677,Male,1677
U1678,Male,1678
U1679,Female,1679
U1680,Male,1680
U1681,Male,1681
U1682,Female,1682
U1683,Female,1683
U1684,Male,1684
U1685,Female,1685
U1686,Male,1686
U1687,Female,1687
U1688,Male,1688
U1689,Female,1689
U1690,Male,1690
U1691,Female,1691
U1692,Female,1692
U1693,Female,1693
U1694,Female,1694
U1695,Male,1695
U1696,Male,1696
U1697,Male,1697
U1698,Male,1698
U1699,Female,1699
U1700,Male,1700
U1701,Male,1701
U1702,Male,1702
U1703,Female,1703
U1704,Male,1704
U1705,Male,1705
U1706,Male,1706
U1707,Male,1707
U1708,Male,1708
U1709,Male,1709
U1710,Male,1710
U1711,Male,1711
U1712,Male,1712
U1713,Male,1713
U1714,Female,1714
U1715,Male,1715
U1716,Female,1716
U1717,Male,1717
U1718,Male,1718
U1719,Male,1719
U1720,Male,1720
U1721,Male,1721
U1722,Female,1722
U1723,Male,1723
U1724,Female,1724
U1725,Male,1725
U1726,Male,1726
U1727,Male,1727
U1728,Male,1728
U1729,Male,1729
U1730,Female,1730
U1731,Male,1731
U1732,Female,1732
U1733,Female,1733
U1734,Male,1734
U1735,Male,1735
U1736,Male,1736
U1737,Female,1737
U1738,Male,1738
U1739,Male,1739
U1740,Female,1740
U1741,Male,1741
U1742,Female,1742
U1743,Female,1743
U1744,Female,1744
U1745,Male,1745
U1746,Male,1746
U1747,Male,1747
U1748,Male,1748
U1749,Male,1749
U1750,Female,1750
U1751,Male,1751
U1752,Female,1752
U1753,Female,1753
U1754,Female,1754
U1755,Male,1755
U1756,Male,1756
U1757,Female,1757
U1758,Male,1758
U1759,Female,1759
U1760,Male,1760
U1761,Male,1761
U1762,Female,1762
U1763,Female,1763
U1764,Male,1764
U1765,Male,1765
U1766,Female,1766
U1767,Male,1767
U1768,Male,1768
U1769,Male,1769
U1770,Female,1770
U1771,Male,1771
U1772,Male,1772
U1773,Male,1773
U1774,Male,1774
U1775,Male,1775
U1776,Male,1776
U1777,Male,1777
U1778,Female,1778
U1779,Male,1779
U1780,Female,1780
U1781,Male,1781
U1782,Male,1782
U1783,Male,1783
U1784,Male,1784
U1785,Female,1785
U1786,Female,1786
U1787,Male,1787
U1788,Female,1788
U1789,Male,1789
U1790,Male,1790
U1791,Male,1791
U1792,Female,1792
U1793,Female,1793
U1794,Male,1794
U1795,Male,1795
U1796,Male,1796
U1797,Male,1797
U1798,Male,1798
U1799,Female,1799
U1800,Male,1800
U1801,Male,1801
U1802,Female,1802
U1803,Male,1803
U1804,Female,1804
U1805,Male,1805
U1806,Male,1806
U1807,Male,1807
U1808,Female,1808
U1809,Male,1809
U1810,Male,1810
U1811,Male,1811
U1812,Female,1812
U1813,Male,1813
U1814,Male,1814
U1815,Female,1815
U1816,Male,1816
U1817,Female,1817
U1818,Male,1818
U1819,Female,1819
U1820,Male,1820
U1821,Male,1821
U1822,Male,1822
U1823,Female,1823
U1824,Male,1824
U1825,Female,1825
U1826,Female,1826
U1827,Female,1827
U1828,Male,1828
U1829,Male,1829
U1830,Male,1830
U1831,Male,1831
U1832,Female,1832
U1833,Male,1833
U1834,Male,1834
U1835,Male,1835
U1836,Male,1836
U1837,Female,1837
U1838,Male,1838
U1839,Male,1839
U1840,Female,1840
U1841,Female,1841
U1842,Male,1842
U1843,Female,1843
U1844,Male,1844
U1845,Male,1845
U1846,Male,1846
U1847,Female,1847
U1848,Male,1848
U1849,Male,1849
U1850,Male,1850
U1851,Male,1851
U1852,Female,1852
U1853,Male,1853
U1854,Female,1854
U1855,Male,1855
U1856,Male,1856
U1857,Male,1857
U1858,Female,1858
U1859,Male,1859
U1860,Male,1860
U1861,Male,1861
U1862,Male,1862
U1863,Male,1863
U1864,Female,1864
U1865,Male,1865
U1866,Female,1866
U1867,Female,1867
U1868,Male,1868
U1869,Male,1869
U1870,Male,1870
U1871,Male,1871
U1872,Male,1872
U1873,Female,1873
U1874,Female,1874
U1875,Male,1875
U1876,Female,1876
U1877,Male,1877
U1878,Male,1878
U1879,Female,1879
U1880,Female,1880
U1881,Male,1881
U1882,Male,1882
U1883,Male,1883
U1884,Female,1884
U1885,Female,1885
U1886,Female,1886
U1887,Male,1887
U1888,Female,1888
U1889,Female,1889
U1890,Male,1890
U1891,Male,1891
U1892,Female,1892
U1893,Female,1893
U1894,Male,1894
U1895,Female,1895
U1896,Female,1896
U1897,Male,1897
U1898,Male,1898
U1899,Male,1899
U1900,Female,1900
U1901,Male,1901
U1902,Female,1902
U1903,Male,1903
U1904,Male,1904
U1905,Female,1905
U1906,Male,1906
U1907,Male,1907
U1908,Male,1908
U1909,Male,1909
U1910,Female,1910
U1911,Male,1911
U1912,Male,1912
U1913,Female,1913
U1914,Male,1914
U1915,Male,1915
U1916,Female,1916
U1917,Female,1917
U1918,Female,1918
U1919,Male,1919
U1920,Male,1920
U1921,Male,1921
U1922,Female,1922
U1923,Female,1923
U1924,Female,1924
U1925,Male,1925
U1926,Male,1926
U1927,Male,1927
U1928,Female,1928
U1929,Female,1929
U1930,Male,1930
U1931,Male,1931
U1932,Male,1932
U1933,Male,1933
U1934,Female,1934
U1935,Female,1935
U1936,Male,1936
U1937,Male,1937
U1938,Female,1938
U1939,Female,1939
U1940,Female,1940
U1941,Male,1941
U1942,Male,1942
U1943,Male,1943
U1944,Male,1944
U1945,Female,1945
U1946,Female,1946
U1947,Female,1947
U1948,Male,1948
U1949,Female,1949
U1950,Male,1950
U1951,Male,1951
U1952,Female,1952
U1953,Female,1953
U1954,Female,1954
U1955,Female,1955
U1956,Male,1956
U1957,Male,1957
U1958,Male,1958
U1959,Female,1959
U1960,Male,1960
U1961,Female,1961
U1962,Male,1962
U1963,Male,1963
U1964,Female,1964
U1965,Male,1965
U1966,Male,1966
U1967,Female,1967
U1968,Female,1968
U1969,Female,1969
U1970,Male,1970
U1971,Female,1971
U1972,Female,1972
U1973,Male,1973
U1974,Male,1974
U1975,Female,1975
U1976,Male,1976
U1977,Male,1977
U1978,Male,1978
U1979,Male,1979
U1980,Male,1980
U1981,Male,1981
U1982,Male,1982
U1983,Male,1983
U1984,Male,1984
U1985,Male,1985
U1986,Male,1986
U1987,Female,1987
U1988,Male,1988
U1989,Male,1989
U1990,Male,1990
U1991,Female,1991
U1992,Female,1992
U1993,Male,1993
U1994,Male,1994
U1995,Male,1995
U1996,Male,1996
U1997,Male,1997
U1998,Male,1998
U1999,Male,1999
U2000,Male,2000
U2001,Female,2001
U2002,Male,2002
U2003,Female,2003
U2004,Male,2004
U2005,Male,2005
U2006,Male,2006
U2007,Female,2007
U2008,Male,2008
U2009,Female,2009
U2010,Male,2010
U2011,Male,2011
U2012,Male,2012
U2013,Male,2013
U2014,Male,2014
U2015,Male,2015
U2016,Female,2016
U2017,Male,2017
U2018,Female,2018
U2019,Male,2019
U2020,Male,2020
U2021,Male,2021
U2022,Male,2022
U2023,Female,2023
U2024,Female,2024
U2025,Male,2025
U2026,Male,2026
U2027,Male,2027
U2028,Male,2028
U2029,Male,2029
U2030,Female,2030
U2031,Male,2031
U2032,Female,2032
U2033,Male,2033
U2034,Male,2034
U2035,Male,2035
U2036,Male,2036
U2037,Female,2037
U2038,Female,2038
U2039,Female,2039
U2040,Female,2040
U2041,Male,2041
U2042,Male,2042
U2043,Male,2043
U2044,Male,2044
U2045,Female,2045
U2046,Female,2046
U2047,Female,2047
U2048,Female,2048
U2049,Female,2049
U2050,Female,2050
U2051,Female,2051
U2052,Male,2052
U2053,Male,2053
U2054,Male,2054
U2055,Female,2055
U2056,Male,2056
U2057,Male,2057
U2058,Female,2058
U2059,Male,2059
U2060,Male,2060
U2061,Female,2061
U2062,Male,2062
U2063,Male,2063
U2064,Female,2064
U2065,Female,2065
U2066,Female,2066
U2067,Female,2067
U2068,Male,2068
U2069,Female,2069
U2070,Male,2070
U2071,Female,2071
U2072,Male,2072
U2073,Male,2073
U2074,Female,2074
U2075,Male,2075
U2076,Male,2076
U2077,Male,2077
U2078,Male,2078
U2079,Male,2079
U2080,Male,2080
U2081,Male,2081
U2082,Male,2082
U2083,Female,2083
U2084,Male,2084
U2085,Male,2085
U2086,Female,2086
U2087,Male,2087
U2088,Female,2088
U2089,Male,2089
U2090,Male,2090
U2091,Male,2091
U2092,Male,2092
U2093,Male,2093
U2094,Male,2094
U2095,Male,2095
U2096,Male,2096
U2097,Female,2097
U2098,Female,2098
U2099,Male,2099
U2100,Male,2100
U2101,Female,2101
U2102,Male,2102
U2103,Female,2103
U2104,Male,2104
U2105,Female,2105
U2106,Male,2106
U2107,Male,2107
U2108,Male,2108
U2109,Male,2109
U2110,Male,2110
U2111,Male,2111
U2112,Male,2112
U2113,Male,2113
U2114,Female,2114
U2115,Female,2115
U2116,Female,2116
U2117,Female,2117
U2118,Male,2118
U2119,Female,2119
U2120,Male,2120
U2121,Female,2121
U2122,Female,2122
U2123,Female,2123
U2124,Female,2124
U2125,Female,2125
U2126,Male,2126
U2127,Male,2127
U2128,Male,2128
U2129,Male,2129
U2130,Female,2130
U2131,Male,2131
U2132,Female,2132
U2133,Male,2133
U2134,Female,2134
U2135,Female,2135
U2136,Male,2136
U2137,Female,2137
U2138,Male,2138
U2139,Female,2139
U2140,Female,2140
U2141,Male,2141
U2142,Female,2142
U2143,Male,2143
U2144,Male,2144
U2145,Male,2145
U2146,Female,2146
U2147,Female,2147
U2148,Male,2148
U2149,Male,2149
U2150,Male,2150
U2151,Female,2151
U2152,Female,2152
U2153,Female,2153
U2154,Male,2154
U2155,Male,2155
U2156,Male,2156
U2157,Male,2157
U2158,Male,2158
U2159,Male,2159
U2160,Female,2160
U2161,Male,2161
U2162,Female,2162
U2163,Male,2163
U2164,Female,2164
U2165,Female,2165
U2166,Male,2166
U2167,Male,2167
U2168,Male,2168
U2169,Male,2169
U2170,Male,2170
U2171,Male,2171
U2172,Male,2172
U2173,Male,2173
U2174,Female,2174
U2175,Female,2175
U2176,Female,2176
U2177,Male,2177
U2178,Female,2178
U2179,Male,2179
U2180,Female,2180
U2181,Female,2181
U2182,Female,2182
U2183,Male,2183
U2184,Female,2184
U2185,Female,2185
U2186,Female,2186
U2187,Male,2187
U2188,Male,2188
U2189,Female,2189
U2190,Male,2190
U2191,Male,2191
U2192,Male,2192
U2193,Male,2193
U2194,Male,2194
U2195,Male,2195
U2196,Female,2196
U2197,Male,2197
U2198,Male,2198
U2199,Male,2199
U2200,Female,2200
U2201,Male,2201
U2202,Female,2202
U2203,Male,2203
U2204,Male,2204
U2205,Male,2205
U2206,Male,2206
U2207,Male,2207
U2208,Female,2208
U2209,Male,2209
U2210,Male,2210
U2211,Male,2211
U2212,Female,2212
U2213,Male,2213
U2214,Female,2214
U2215,Female,2215
U2216,Male,2216
U2217,Female,2217
U2218,Male,2218
U2219,Male,2219
U2220,Male,2220
U2221,Female,2221
U2222,Male,2222
U2223,Male,2223
U2224,Male,2224
U2225,Female,2225
U2226,Female,2226
U2227,Female,2227
U2228,Male,2228
U2229,Female,2229
U2230,Female,2230
U2231,Male,2231
U2232,Male,2232
U2233,Male,2233
U2234,Male,2234
U2235,Male,2235
U2236,Female,2236
U2237,Male,2237
U2238,Male,2238
U2239,Male,2239
U2240,Male,2240
U2241,Male,2241
U2242,Male,2242
U2243,Male,2243
U2244,Male,2244
U2245,Male,2245
U2246,Male,2246
U2247,Male,2247
U2248,Female,2248
U2249,Male,2249
U2250,Male,2250
U2251,Male,2251
U2252,Female,2252
U2253,Male,2253
U2254,Female,2254
U2255,Male,2255
U2256,Male,2256
U2257,Male,2257
U2258,Male,2258
U2259,Female,2259
U2260,Male,2260
U2261,Male,2261
U2262,Female,2262
U2263,Male,2263
U2264,Male,2264
U2265,Male,2265
U2266,Female,2266
U2267,Female,2267
U2268,Male,2268
U2269,Male,2269
U2270,Male,2270
U2271,Male,2271
U2272,Male,2272
U2273,Female,2273
U2274,Male,2274
U2275,Male,2275
U2276,Female,2276
U2277,Female,2277
U2278,Male,2278
U2279,Male,2279
U2280,Female,2280
U2281,Female,2281
U2282,Male,2282
U2283,Male,2283
U2284,Male,2284
U2285,Male,2285
U2286,Male,2286
U2287,Male,2287
U2288,Female,2288
U2289,Male,2289
U2290,Male,2290
U2291,Male,2291
U2292,Male,2292
U2293,Female,2293
U2294,Female,2294
U2295,Female,2295
U2296,Female,2296
U2297,Male,2297
U2298,Female,2298
U2299,Female,2299
U2300,Male,2300
U2301,Female,2301
U2302,Female,2302
U2303,Female,2303
U2304,Male,2304
U2305,Male,2305
U2306,Female,2306
U2307,Male,2307
U2308,Female,2308
U2309,Male,2309
U2310,Male,2310
U2311,Female,2311
U2312,Female,2312
U2313,Male,2313
U2314,Male,2314
U2315,Male,2315
U2316,Female,2316
U2317,Female,2317
U2318,Male,2318
U2319,Male,2319
U2320,Female,2320
U2321,Male,2321
U2322,Female,2322
U2323,Female,2323
U2324,Female,2324
U2325,Male,2325
U2326,Male,2326
U2327,Female,2327
U2328,Male,2328
U2329,Male,2329
U2330,Female,2330
U2331,Male,2331
U2332,Male,2332
U2333,Male,2333
U2334,Female,2334
U2335,Female,2335
U2336,Female,2336
U2337,Female,2337
U2338,Female,2338
U2339,Female,2339
U2340,Female,2340
U2341,Female,2341
U2342,Male,2342
U2343,Male,2343
U2344,Male,2344
U2345,Male,2345
U2346,Male,2346
U2347,Male,2347
U2348,Male,2348
U2349,Male,2349
U2350,Male,2350
U2351,Female,2351
U2352,Male,2352
U2353,Male,2353
U2354,Male,2354
U2355,Female,2355
U2356,Female,2356
U2357,Male,2357
U2358,Female,2358
U2359,Female,2359
U2360,Male,2360
U2361,Male,2361
U2362,Male,2362
U2363,Male,2363
U2364,Male,2364
U2365,Male,2365
U2366,Male,2366
U2367,Female,2367
U2368,Female,2368
U2369,Male,2369
U2370,Male,2370
U2371,Female,2371
U2372,Female,2372
U2373,Male,2373
U2374,Female,2374
U2375,Male,2375
U2376,Male,2376
U2377,Male,2377
U2378,Male,2378
U2379,Female,2379
U2380,Male,2380
U2381,Male,2381
U2382,Male,2382
U2383,Female,2383
U2384,Male,2384
U2385,Female,2385
U2386,Female,2386
U2387,Male,2387
U2388,Male,2388
U2389,Male,2389
U2390,Male,2390
U2391,Male,2391
U2392,Male,2392
U2393,Male,2393
U2394,Female,2394
U2395,Female,2395
U2396,Female,2396
U2397,Male,2397
U2398,Male,2398
U2399,Male,2399
U2400,Male,2400
U2401,Male,2401
U2402,Male,2402
U2403,Male,2403
U2404,Female,2404
U2405,Female,2405
U2406,Male,2406
U2407,Female,2407
U2408,Male,2408
U2409,Male,2409
U2410,Female,2410
U2411,Female,2411
U2412,Female,2412
U2413,Female,2413
U2414,Male,2414
U2415,Male,2415
U2416,Male,2416
U2417,Male,2417
U2418,Male,2418
U2419,Male,2419
U2420,Female,2420
U2421,Female,2421
U2422,Female,2422
U2423,Female,2423
U2424,Male,2424
U2425,Male,2425
U2426,Male,2426
U2427,Female,2427
U2428,Male,2428
U2429,Male,2429
U2430,Male,2430
U2431,Female,2431
U2432,Male,2432
U2433,Male,2433
U2434,Male,2434
U2435,Male,2435
U2436,Male,2436
U2437,Female,2437
U2438,Male,2438
U2439,Male,2439
U2440,Female,2440
U2441,Male,2441
U2442,Male,2442
U2443,Female,2443
U2444,Male,2444
U2445,Female,2445
U2446,Male,2446
U2447,Male,2447
U2448,Male,2448
U2449,Male,2449
U2450,Male,2450
U2451,Male,2451
U2452,Male,2452
U2453,Male,2453
U2454,Female,2454
U2455,Female,2455
U2456,Female,2456
U2457,Female,2457
U2458,Female,2458
U2459,Male,2459
U2460,Male,2460
U2461,Female,2461
U2462,Male,2462
U2463,Female,2463
U2464,Female,2464
U2465,Female,2465
U2466,Female,2466
U2467,Female,2467
U2468,Female,2468
U2469,Female,2469
U2470,Male,2470
U2471,Male,2471
U2472,Male,2472
U2473,Female,2473
U2474,Male,2474
U2475,Male,2475
U2476,Male,2476
U2477,Female,2477
U2478,Female,2478
U2479,Male,2479
U2480,Male,2480
U2481,Female,2481
U2482,Male,2482
U2483,Female,2483
U2484,Female,2484
U2485,Male,2485
U2486,Male,2486
U2487,Female,2487
U2488,Female,2488
U2489,Male,2489
U2490,Female,2490
U2491,Male,2491
U2492,Male,2492
U2493,Male,2493
U2494,Male,2494
U2495,Female,2495
U2496,Male,2496
U2497,Male,2497
U2498,Male,2498
U2499,Male,2499
U2500,Male,2500
U2501,Male,2501
U2502,Female,2502
U2503,Female,2503
U2504,Male,2504
U2505,Female,2505
U2506,Male,2506
U2507,Female,2507
U2508,Male,2508
U2509,Male,2509
U2510,Female,2510
U2511,Male,2511
U2512,Male,2512
U2513,Female,2513
U2514,Male,2514
U2515,Male,2515
U2516,Female,2516
U2517,Male,2517
U2518,Male,2518
U2519,Female,2519
U2520,Female,2520
U2521,Male,2521
U2522,Female,2522
U2523,Male,2523
U2524,Female,2524
U2525,Male,2525
U2526,Male,2526
U2527,Male,2527
U2528,Female,2528
U2529,Female,2529
U2530,Male,2530
U2531,Female,2531
U2532,Male,2532
U2533,Male,2533
U2534,Female,2534
U2535,Male,2535
U2536,Male,2536
U2537,Male,2537
U2538,Male,2538
U2539,Female,2539
U2540,Male,2540
U2541,Male,2541
U2542,Female,2542
U2543,Male,2543
U2544,Female,2544
U2545,Male,2545
U2546,Male,2546
U2547,Male,2547
U2548,Male,2548
U2549,Male,2549
U2550,Male,2550
U2551,Male,2551
U2552,Male,2552
U2553,Male,2553
U2554,Male,2554
U2555,Male,2555
U2556,Male,2556
U2557,Male,2557
U2558,Male,2558
U2559,Male,2559
U2560,Male,2560
U2561,Male,2561
U2562,Female,2562
U2563,Female,2563
U2564,Male,2564
U2565,Male,2565
U2566,Male,2566
U2567,Female,2567
U2568,Female,2568
U2569,Male,2569
U2570,Female,2570
U2571,Male,2571
U2572,Male,2572
U2573,Male,2573
U2574,Female,2574
U2575,Female,2575
U2576,Male,2576
U2577,Male,2577
U2578,Male,2578
U2579,Male,2579
U2580,Male,2580
U2581,Male,2581
U2582,Female,2582
U2583,Male,2583
U2584,Female,2584
U2585,Male,2585
U2586,Male,2586
U2587,Male,2587
U2588,Female,2588
U2589,Female,2589
U2590,Male,2590
U2591,Male,2591
U2592,Female,2592
U2593,Male,2593
U2594,Male,2594
U2595,Female,2595
U2596,Male,2596
U2597,Male,2597
U2598,Female,2598
U2599,Male,2599
U2600,Male,2600
U2601,Male,2601
U2602,Male,2602
U2603,Male,2603
U2604,Female,2604
U2605,Female,2605
U2606,Male,2606
U2607,Female,2607
U2608,Female,2608
U2609,Female,2609
U2610,Female,2610
U2611,Male,2611
U2612,Male,2612
U2613,Male,2613
U2614,Female,2614
U2615,Male,2615
U2616,Male,2616
U2617,Male,2617
U2618,Male,2618
U2619,Male,2619
U2620,Male,2620
U2621,Female,2621
U2622,Female,2622
U2623,Male,2623
U2624,Male,2624
U2625,Male,2625
U2626,Male,2626
U2627,Female,2627
U2628,Female,2628
U2629,Female,2629
U2630,Male,2630
U2631,Male,2631
U2632,Male,2632
U2633,Female,2633
U2634,Male,2634
U2635,Male,2635
U2636,Female,2636
U2637,Male,2637
U2638,Male,2638
U2639,Female,2639
U2640,Female,2640
U2641,Male,2641
U2642,Male,2642
U2643,Female,2643
U2644,Male,2644
U2645,Male,2645
U2646,Male,2646
U2647,Male,2647
U2648,Male,2648
U2649,Female,2649
U2650,Male,2650
U2651,Male,2651
U2652,Female,2652
U2653,Female,2653
U2654,Male,2654
U2655,Male,2655
U2656,Male,2656
U2657,Male,2657
U2658,Female,2658
U2659,Male,2659
U2660,Female,2660
U2661,Male,2661
U2662,Male,2662
U2663,Male,2663
U2664,Male,2664
U2665,Female,2665
U2666,Male,2666
U2667,Male,2667
U2668,Female,2668
U2669,Male,2669
U2670,Female,2670
U2671,Male,2671
U2672,Female,2672
U2673,Female,2673
U2674,Male,2674
U2675,Male,2675
U2676,Female,2676
U2677,Male,2677
U2678,Male,2678
U2679,Male,2679
U2680,Male,2680
U2681,Female,2681
U2682,Female,2682
U2683,Male,2683
U2684,Male,2684
U2685,Male,2685
U2686,Male,2686
U2687,Female,2687
U2688,Male,2688
U2689,Female,2689
U2690,Female,2690
U2691,Male,2691
U2692,Female,2692
U2693,Female,2693
U2694,Male,2694
U2695,Male,2695
U2696,Female,2696
U2697,Male,2697
U2698,Female,2698
U2699,Male,2699
U2700,Male,2700
U2701,Female,2701
U2702,Male,2702
U2703,Male,2703
U2704,Male,2704
U2705,Female,2705
U2706,Male,2706
U2707,Male,2707
U2708,Male,2708
U2709,Female,2709
U2710,Male,2710
U2711,Male,2711
U2712,Male,2712
U2713,Female,2713
U2714,Female,2714
U2715,Female,2715
U2716,Male,2716
U2717,Male,2717
U2718,Female,2718
U2719,Male,2719
U2720,Male,2720
U2721,Female,2721
U2722,Male,2722
U2723,Female,2723
U2724,Male,2724
U2725,Male,2725
U2726,Male,2726
U2727,Female,2727
U2728,Female,2728
U2729,Female,2729
U2730,Male,2730
U2731,Male,2731
U2732,Female,2732
U2733,Female,2733
U2734,Male,2734
U2735,Male,2735
U2736,Female,2736
U2737,Male,2737
U2738,Female,2738
U2739,Male,2739
U2740,Female,2740
U2741,Male,2741
U2742,Male,2742
U2743,Female,2743
U2744,Male,2744
U2745,Female,2745
U2746,Male,2746
U2747,Male,2747
U2748,Female,2748
U2749,Female,2749
U2750,Female,2750
U2751,Female,2751
U2752,Male,2752
U2753,Female,2753
U2754,Male,2754
U2755,Male,2755
U2756,Male,2756
U2757,Female,2757
U2758,Male,2758
U2759,Male,2759
U2760,Male,2760
U2761,Male,2761
U2762,Female,2762
U2763,Male,2763
U2764,Female,2764
U2765,Female,2765
U2766,Male,2766
U2767,Male,2767
U2768,Male,2768
U2769,Female,2769
U2770,Male,2770
U2771,Male,2771
U2772,Male,2772
U2773,Male,2773
U2774,Male,2774
U2775,Female,2775
U2776,Male,2776
U2777,Male,2777
U2778,Male,2778
U2779,Male,2779
U2780,Female,2780
U2781,Male,2781
U2782,Male,2782
U2783,Male,2783
U2784,Male,2784
U2785,Female,2785
U2786,Male,2786
U2787,Female,2787
U2788,Male,2788
U2789,Male,2789
U2790,Male,2790
U2791,Female,2791
U2792,Male,2792
U2793,Male,2793
U2794,Male,2794
U2795,Male,2795
U2796,Male,2796
U2797,Female,2797
U2798,Male,2798
U2799,Female,2799
U2800,Female,2800
U2801,Male,2801
U2802,Female,2802
U2803,Male,2803
U2804,Female,2804
U2805,Male,2805
U2806,Female,2806
U2807,Female,2807
U2808,Male,2808
U2809,Male,2809
U2810,Female,2810
U2811,Male,2811
U2812,Female,2812
U2813,Female,2813
U2814,Male,2814
U2815,Male,2815
U2816,Male,2816
U2817,Female,2817
U2818,Female,2818
U2819,Female,2819
U2820,Male,2820
U2821,Female,2821
U2822,Male,2822
U2823,Male,2823
U2824,Male,2824
U2825,Male,2825
U2826,Male,2826
U2827,Female,2827
U2828,Female,2828
U2829,Female,2829
U2830,Female,2830
U2831,Male,2831
U2832,Female,2832
U2833,Female,2833
U2834,Male,2834
U2835,Male,2835
U2836,Male,2836
U2837,Male,2837
U2838,Male,2838
U2839,Male,2839
U2840,Male,2840
U2841,Male,2841
U2842,Female,2842
U2843,Female,2843
U2844,Male,2844
U2845,Male,2845
U2846,Female,2846
U2847,Male,2847
U2848,Female,2848
U2849,Male,2849
U2850,Male,2850
U2851,Male,2851
U2852,Male,2852
U2853,Male,2853
U2854,Male,2854
U2855,Male,2855
U2856,Male,2856
U2857,Female,2857
U2858,Male,2858
U2859,Male,2859
U2860,Female,2860
U2861,Female,2861
U2862,Male,2862
U2863,Female,2863
U2864,Male,2864
U2865,Female,2865
U2866,Female,2866
U2867,Male,2867
U2868,Male,2868
U2869,Male,2869
U2870,Male,2870
U2871,Male,2871
U2872,Male,2872
U2873,Male,2873
U2874,Male,2874
U2875,Male,2875
U2876,Male,2876
U2877,Female,2877
U2878,Male,2878
U2879,Female,2879
U2880,Male,2880
U2881,Male,2881
U2882,Male,2882
U2883,Female,2883
U2884,Female,2884
U2885,Male,2885
U2886,Female,2886
U2887,Female,2887
U2888,Male,2888
U2889,Male,2889
U2890,Female,2890
U2891,Male,2891
U2892,Female,2892
U2893,Male,2893
U2894,Male,2894
U2895,Male,2895
U2896,Male,2896
U2897,Male,2897
U2898,Female,2898
U2899,Male,2899
U2900,Female,2900
U2901,Male,2901
U2902,Female,2902
U2903,Male,2903
U2904,Male,2904
U2905,Female,2905
U2906,Male,2906
U2907,Male,2907
U2908,Male,2908
U2909,Male,2909
U2910,Male,2910
U2911,Female,2911
U2912,Male,2912
U2913,Male,2913
U2914,Male,2914
U2915,Female,2915
U2916,Male,2916
U2917,Female,2917
U2918,Male,2918
U2919,Male,2919
U2920,Female,2920
U2921,Female,2921
U2922,Male,2922
U2923,Male,2923
U2924,Female,2924
U2925,Male,2925
U2926,Male,2926
U2927,Female,2927
U2928,Female,2928
U2929,Male,2929
U2930,Female,2930
U2931,Female,2931
U2932,Male,2932
U2933,Male,2933
U2934,Male,2934
U2935,Male,2935
U2936,Female,2936
U2937,Female,2937
U2938,Male,2938
U2939,Female,2939
U2940,Male,2940
U2941,Male,2941
U2942,Male,2942
U2943,Male,2943
U2944,Male,2944
U2945,Male,2945
U2946,Female,2946
U2947,Male,2947
U2948,Male,2948
U2949,Male,2949
U2950,Male,2950
U2951,Male,2951
U2952,Female,2952
U2953,Male,2953
U2954,Female,2954
U2955,Male,2955
U2956,Male,2956
U2957,Male,2957
U2958,Male,2958
U2959,Male,2959
U2960,Male,2960
U2961,Female,2961
U2962,Male,2962
U2963,Female,2963
U2964,Male,2964
U2965,Male,2965
U2966,Male,2966
U2967,Female,2967
U2968,Male,2968
U2969,Male,2969
U2970,Male,2970
U2971,Male,2971
U2972,Male,2972
U2973,Male,2973
U2974,Female,2974
U2975,Female,2975
U2976,Male,2976
U2977,Male,2977
U2978,Male,2978
U2979,Male,2979
U2980,Male,2980
U2981,Male,2981
U2982,Female,2982
U2983,Female,2983
U2984,Female,2984
U2985,Male,2985
U2986,Female,2986
U2987,Male,2987
U2988,Female,2988
U2989,Male,2989
U2990,Female,2990
U2991,Male,2991
U2992,Male,2992
U2993,Male,2993
U2994,Female,2994
U2995,Female,2995
U2996,Male,2996
U2997,Male,2997
U2998,Male,2998
U2999,Male,2999
U3000,Female,3000
U3001,Female,3001
U3002,Female,3002
U3003,Female,3003
U3004,Female,3004
U3005,Female,3005
U3006,Male,3006
U3007,Male,3007
U3008,Male,3008
U3009,Female,3009
U3010,Male,3010
U3011,Female,3011
U3012,Male,3012
U3013,Male,3013
U3014,Female,3014
U3015,Male,3015
U3016,Male,3016
U3017,Male,3017
U3018,Male,3018
U3019,Female,3019
U3020,Female,3020
U3021,Female,3021
U3022,Male,3022
U3023,Male,3023
U3024,Female,3024
U3025,Male,3025
U3026,Male,3026
U3027,Female,3027
U3028,Female,3028
U3029,Male,3029
U3030,Male,3030
U3031,Female,3031
U3032,Male,3032
U3033,Male,3033
U3034,Female,3034
U3035,Male,3035
U3036,Male,3036
U3037,Male,3037
U3038,Female,3038
U3039,Male,3039
U3040,Female,3040
U3041,Female,3041
U3042,Male,3042
U3043,Female,3043
U3044,Male,3044
U3045,Female,3045
U3046,Female,3046
U3047,Male,3047
U3048,Male,3048
U3049,Male,3049
U3050,Female,3050
U3051,Male,3051
U3052,Male,3052
U3053,Male,3053
U3054,Female,3054
U3055,Male,3055
U3056,Male,3056
U3057,Female,3057
U3058,Female,3058
U3059,Male,3059
U3060,Male,3060
U3061,Male,3061
U3062,Male,3062
U3063,Female,3063
U3064,Male,3064
U3065,Female,3065
U3066,Female,3066
U3067,Male,3067
U3068,Male,3068
U3069,Male,3069
U3070,Male,3070
U3071,Male,3071
U3072,Female,3072
U3073,Female,3073
U3074,Male,3074
U3075,Female,3075
U3076,Female,3076
U3077,Male,3077
U3078,Male,3078
U3079,Male,3079
U3080,Male,3080
U3081,Female,3081
U3082,Male,3082
U3083,Female,3083
U3084,Female,3084
U3085,Female,3085
U3086,Female,3086
U3087,Female,3087
U3088,Male,3088
U3089,Male,3089
U3090,Female,3090
U3091,Male,3091
U3092,Male,3092
U3093,Female,3093
U3094,Male,3094
U3095,Female,3095
U3096,Female,3096
U3097,Male,3097
U3098,Female,3098
U3099,Male,3099
U3100,Male,3100
U3101,Male,3101
U3102,Male,3102
U3103,Male,3103
U3104,Male,3104
U3105,Male,3105
U3106,Male,3106
U3107,Male,3107
U3108,Male,3108
U3109,Male,3109
U3110,Male,3110
U3111,Male,3111
U3112,Female,3112
U3113,Male,3113
U3114,Male,3114
U3115,Male,3115
U3116,Male,3116
U3117,Male,3117
U3118,Male,3118
U3119,Male,3119
U3120,Male,3120
U3121,Female,3121
U3122,Female,3122
U3123,Female,3123
U3124,Male,3124
U3125,Male,3125
U3126,Male,3126
U3127,Female,3127
U3128,Male,3128
U3129,Female,3129
U3130,Female,3130
U3131,Female,3131
U3132,Male,3132
U3133,Male,3133
U3134,Female,3134
U3135,Male,3135
U3136,Female,3136
U3137,Male,3137
U3138,Female,3138
U3139,Male,3139
U3140,Female,3140
U3141,Male,3141
U3142,Male,3142
U3143,Female,3143
U3144,Female,3144
U3145,Female,3145
U3146,Male,3146
U3147,Male,3147
U3148,Female,3148
U3149,Female,3149
U3150,Female,3150
U3151,Male,3151
U3152,Male,3152
U3153,Male,3153
U3154,Female,3154
U3155,Male,3155
U3156,Male,3156
U3157,Male,3157
U3158,Male,3158
U3159,Male,3159
U3160,Male,3160
U3161,Female,3161
U3162,Female,3162
U3163,Female,3163
U3164,Male,3164
U3165,Female,3165
U3166,Female,3166
U3167,Male,3167
U3168,Female,3168
U3169,Female,3169
U3170,Female,3170
U3171,Male,3171
U3172,Male,3172
U3173,Male,3173
U3174,Female,3174
U3175,Female,3175
U3176,Male,3176
U3177,Female,3177
U3178,Male,3178
U3179,Female,3179
U3180,Female,3180
U3181,Male,3181
U3182,Male,3182
U3183,Male,3183
U3184,Male,3184
U3185,Male,3185
U3186,Male,3186
U3187,Female,3187
U3188,Female,3188
U3189,Female,3189
U3190,Male,3190
U3191,Male,3191
U3192,Female,3192
U3193,Female,3193
U3194,Female,3194
U3195,Male,3195
U3196,Male,3196
U3197,Male,3197
U3198,Male,3198
U3199,Male,3199
U3200,Male,3200
U3201,Female,3201
U3202,Male,3202
U3203,Male,3203
U3204,Male,3204
U3205,Male,3205
U3206,Male,3206
U3207,Female,3207
U3208,Male,3208
U3209,Male,3209
U3210,Male,3210
U3211,Male,3211
U3212,Male,3212
U3213,Male,3213
U3214,Male,3214
U3215,Male,3215
U3216,Male,3216
U3217,Female,3217
U3218,Male,3218
U3219,Male,3219
U3220,Male,3220
U3221,Female,3221
U3222,Male,3222
U3223,Female,3223
U3224,Female,3224
U3225,Female,3225
U3226,Male,3226
U3227,Male,3227
U3228,Male,3228
U3229,Female,3229
U3230,Female,3230
U3231,Male,3231
U3232,Female,3232
U3233,Female,3233
U3234,Female,3234
U3235,Male,3235
U3236,Male,3236
U3237,Female,3237
U3238,Male,3238
U3239,Female,3239
U3240,Male,3240
U3241,Male,3241
U3242,Male,3242
U3243,Male,3243
U3244,Male,3244
U3245,Male,3245
U3246,Female,3246
U3247,Female,3247
U3248,Male,3248
U3249,Female,3249
U3250,Male,3250
U3251,Female,3251
U3252,Female,3252
U3253,Female,3253
U3254,Male,3254
U3255,Male,3255
U3256,Female,3256
U3257,Male,3257
U3258,Male,3258
U3259,Male,3259
U3260,Male,3260
U3261,Female,3261
U3262,Female,3262
U3263,Female,3263
U3264,Male,3264
U3265,Male,3265
U3266,Female,3266
U3267,Male,3267
U3268,Male,3268
U3269,Female,3269
U3270,Female,3270
U3271,Female,3271
U3272,Female,3272
U3273,Male,3273
U3274,Male,3274
U3275,Female,3275
U3276,Female,3276
U3277,Female,3277
U3278,Female,3278
U3279,Male,3279
U3280,Male,3280
U3281,Female,3281
U3282,Female,3282
U3283,Male,3283
U3284,Female,3284
U3285,Female,3285
U3286,Male,3286
U3287,Male,3287
U3288,Male,3288
U3289,Female,3289
U3290,Male,3290
U3291,Male,3291
U3292,Female,3292
U3293,Male,3293
U3294,Male,3294
U3295,Male,3295
U3296,Female,3296
U3297,Female,3297
U3298,Female,3298
U3299,Male,3299
U3300,Male,3300
U3301,Male,3301
U3302,Female,3302
U3303,Male,3303
U3304,Female,3304
U3305,Female,3305
U3306,Male,3306
U3307,Male,3307
U3308,Male,3308
U3309,Female,3309
U3310,Male,3310
U3311,Female,3311
U3312,Male,3312
U3313,Female,3313
U3314,Male,3314
U3315,Female,3315
U3316,Female,3316
U3317,Male,3317
U3318,Male,3318
U3319,Female,3319
U3320,Female,3320
U3321,Female,3321
U3322,Male,3322
U3323,Male,3323
U3324,Male,3324
U3325,Female,3325
U3326,Male,3326
U3327,Male,3327
U3328,Male,3328
U3329,Female,3329
U3330,Male,3330
U3331,Female,3331
U3332,Female,3332
U3333,Male,3333
U3334,Male,3334
U3335,Female,3335
U3336,Female,3336
U3337,Female,3337
U3338,Female,3338
U3339,Male,3339
U3340,Male,3340
U3341,Male,3341
U3342,Male,3342
U3343,Female,3343
U3344,Male,3344
U3345,Female,3345
U3346,Female,3346
U3347,Female,3347
U3348,Male,3348
U3349,Male,3349
U3350,Female,3350
U3351,Female,3351
U3352,Male,3352
U3353,Male,3353
U3354,Male,3354
U3355,Male,3355
U3356,Male,3356
U3357,Male,3357
U3358,Male,3358
U3359,Female,3359
U3360,Male,3360
U3361,Male,3361
U3362,Male,3362
U3363,Female,3363
U3364,Female,3364
U3365,Female,3365
U3366,Female,3366
U3367,Female,3367
U3368,Male,3368
U3369,Female,3369
U3370,Male,3370
U3371,Male,3371
U3372,Male,3372
U3373,Male,3373
U3374,Female,3374
U3375,Male,3375
U3376,Male,3376
U3377,Female,3377
U3378,Male,3378
U3379,Male,3379
U3380,Male,3380
U3381,Male,3381
U3382,Female,3382
U3383,Female,3383
U3384,Female,3384
U3385,Female,3385
U3386,Male,3386
U3387,Male,3387
U3388,Female,3388
U3389,Female,3389
U3390,Male,3390
U3391,Female,3391
U3392,Male,3392
U3393,Female,3393
U3394,Female,3394
U3395,Female,3395
U3396,Female,3396
U3397,Female,3397
U3398,Female,3398
U3399,Female,3399
U3400,Male,3400
U3401,Female,3401
U3402,Female,3402
U3403,Female,3403
U3404,Male,3404
U3405,Female,3405
U3406,Female,3406
U3407,Female,3407
U3408,Female,3408
U3409,Male,3409
U3410,Female,3410
U3411,Male,3411
U3412,Male,3412
U3413,Male,3413
U3414,Female,3414
U3415,Female,3415
U3416,Male,3416
U3417,Female,3417
U3418,Male,3418
U3419,Male,3419
U3420,Female,3420
U3421,Female,3421
U3422,Male,3422
U3423,Male,3423
U3424,Male,3424
U3425,Female,3425
U3426,Female,3426
U3427,Female,3427
U3428,Male,3428
U3429,Female,3429
U3430,Male,3430
U3431,Male,3431
U3432,Male,3432
U3433,Male,3433
U3434,Female,3434
U3435,Female,3435
U3436,Female,3436
U3437,Male,3437
U3438,Male,3438
U3439,Male,3439
U3440,Male,3440
U3441,Male,3441
U3442,Male,3442
U3443,Female,3443
U3444,Female,3444
U3445,Female,3445
U3446,Female,3446
U3447,Male,3447
U3448,Female,3448
U3449,Male,3449
U3450,Male,3450
U3451,Male,3451
U3452,Male,3452
U3453,Male,3453
U3454,Male,3454
U3455,Male,3455
U3456,Female,3456
U3457,Female,3457
U3458,Male,3458
U3459,Female,3459
U3460,Male,3460
U3461,Male,3461
U3462,Male,3462
U3463,Female,3463
U3464,Female,3464
U3465,Male,3465
U3466,Male,3466
U3467,Male,3467
U3468,Female,3468
U3469,Male,3469
U3470,Female,3470
U3471,Female,3471
U3472,Male,3472
U3473,Female,3473
U3474,Male,3474
U3475,Male,3475
U3476,Female,3476
U3477,Female,3477
U3478,Male,3478
U3479,Female,3479
U3480,Male,3480
U3481,Male,3481
U3482,Female,3482
U3483,Female,3483
U3484,Male,3484
U3485,Male,3485
U3486,Female,3486
U3487,Female,3487
U3488,Male,3488
U3489,Female,3489
U3490,Male,3490
U3491,Female,3491
U3492,Male,3492
U3493,Male,3493
U3494,Male,3494
U3495,Female,3495
U3496,Female,3496
U3497,Male,3497
U3498,Female,3498
U3499,Male,3499
U3500,Male,3500
U3501,Male,3501
U3502,Female,3502
U3503,Male,3503
U3504,Male,3504
U3505,Female,3505
U3506,Male,3506
U3507,Female,3507
U3508,Male,3508
U3509,Male,3509
U3510,Male,3510
U3511,Male,3511
U3512,Male,3512
U3513,Male,3513
U3514,Male,3514
U3515,Female,3515
U3516,Female,3516
U3517,Female,3517
U3518,Male,3518
U3519,Male,3519
U3520,Male,3520
U3521,Male,3521
U3522,Female,3522
U3523,Male,3523
U3524,Male,3524
U3525,Female,3525
U3526,Female,3526
U3527,Female,3527
U3528,Male,3528
U3529,Female,3529
U3530,Female,3530
U3531,Female,3531
U3532,Male,3532
U3533,Female,3533
U3534,Male,3534
U3535,Male,3535
U3536,Male,3536
U3537,Male,3537
U3538,Male,3538
U3539,Female,3539
U3540,Male,3540
U3541,Male,3541
U3542,Female,3542
U3543,Female,3543
U3544,Male,3544
U3545,Female,3545
U3546,Female,3546
U3547,Male,3547
U3548,Male,3548
U3549,Male,3549
U3550,Female,3550
U3551,Male,3551
U3552,Female,3552
U3553,Female,3553
U3554,Male,3554
U3555,Male,3555
U3556,Female,3556
U3557,Female,3557
U3558,Male,3558
U3559,Male,3559
U3560,Male,3560
U3561,Male,3561
U3562,Male,3562
U3563,Female,3563
U3564,Female,3564
U3565,Female,3565
U3566,Female,3566
U3567,Female,3567
U3568,Male,3568
U3569,Female,3569
U3570,Male,3570
U3571,Male,3571
U3572,Male,3572
U3573,Male,3573
U3574,Male,3574
U3575,Female,3575
U3576,Male,3576
U3577,Male,3577
U3578,Male,3578
U3579,Male,3579
U3580,Female,3580
U3581,Female,3581
U3582,Male,3582
U3583,Female,3583
U3584,Female,3584
U3585,Male,3585
U3586,Female,3586
U3587,Male,3587
U3588,Female,3588
U3589,Male,3589
U3590,Male,3590
U3591,Female,3591
U3592,Female,3592
U3593,Female,3593
U3594,Female,3594
U3595,Female,3595
U3596,Male,3596
U3597,Female,3597
U3598,Male,3598
U3599,Male,3599
U3600,Female,3600
U3601,Male,3601
U3602,Male,3602
U3603,Female,3603
U3604,Female,3604
U3605,Male,3605
U3606,Male,3606
U3607,Male,3607
U3608,Male,3608
U3609,Female,3609
U3610,Female,3610
U3611,Male,3611
U3612,Female,3612
U3613,Male,3613
U3614,Male,3614
U3615,Male,3615
U3616,Female,3616
U3617,Female,3617
U3618,Male,3618
U3619,Female,3619
U3620,Female,3620
U3621,Male,3621
U3622,Female,3622
U3623,Male,3623
U3624,Female,3624
U3625,Female,3625
U3626,Male,3626
U3627,Female,3627
U3628,Female,3628
U3629,Male,3629
U3630,Female,3630
U3631,Male,3631
U3632,Female,3632
U3633,Male,3633
U3634,Male,3634
U3635,Female,3635
U3636,Male,3636
U3637,Female,3637
U3638,Female,3638
U3639,Female,3639
U3640,Female,3640
U3641,Male,3641
U3642,Male,3642
U3643,Female,3643
U3644,Female,3644
U3645,Male,3645
U3646,Female,3646
U3647,Male,3647
U3648,Male,3648
U3649,Female,3649
U3650,Male,3650
U3651,Male,3651
U3652,Female,3652
U3653,Male,3653
U3654,Male,3654
U3655,Female,3655
U3656,Male,3656
U3657,Male,3657
U3658,Female,3658
U3659,Female,3659
U3660,Male,3660
U3661,Male,3661
U3662,Male,3662
U3663,Male,3663
U3664,Female,3664
U3665,Male,3665
U3666,Female,3666
U3667,Male,3667
U3668,Male,3668
U3669,Male,3669
U3670,Female,3670
U3671,Male,3671
U3672,Male,3672
U3673,Male,3673
U3674,Male,3674
U3675,Female,3675
U3676,Female,3676
U3677,Male,3677
U3678,Male,3678
U3679,Male,3679
U3680,Male,3680
U3681,Female,3681
U3682,Male,3682
U3683,Female,3683
U3684,Male,3684
U3685,Male,3685
U3686,Female,3686
U3687,Male,3687
U3688,Male,3688
U3689,Female,3689
U3690,Male,3690
U3691,Male,3691
U3692,Female,3692
U3693,Female,3693
U3694,Female,3694
U3695,Male,3695
U3696,Male,3696
U3697,Female,3697
U3698,Female,3698
U3699,Male,3699
U3700,Male,3700
U3701,Female,3701
U3702,Male,3702
U3703,Female,3703
U3704,Male,3704
U3705,Female,3705
U3706,Female,3706
U3707,Female,3707
U3708,Male,3708
U3709,Male,3709
U3710,Male,3710
U3711,Male,3711
U3712,Male,3712
U3713,Male,3713
U3714,Female,3714
U3715,Male,3715
U3716,Male,3716
U3717,Male,3717
U3718,Male,3718
U3719,Male,3719
U3720,Male,3720
U3721,Male,3721
U3722,Female,3722
U3723,Female,3723
U3724,Male,3724
U3725,Male,3725
U3726,Female,3726
U3727,Male,3727
U3728,Male,3728
U3729,Female,3729
U3730,Male,3730
U3731,Female,3731
U3732,Male,3732
U3733,Male,3733
U3734,Male,3734
U3735,Male,3735
U3736,Male,3736
U3737,Male,3737
U3738,Male,3738
U3739,Female,3739
U3740,Male,3740
U3741,Male,3741
U3742,Female,3742
U3743,Female,3743
U3744,Female,3744
U3745,Male,3745
U3746,Male,3746
U3747,Female,3747
U3748,Male,3748
U3749,Male,3749
U3750,Male,3750
U3751,Male,3751
U3752,Male,3752
U3753,Female,3753
U3754,Male,3754
U3755,Male,3755
U3756,Female,3756
U3757,Female,3757
U3758,Male,3758
U3759,Female,3759
U3760,Female,3760
U3761,Female,3761
U3762,Female,3762
U3763,Female,3763
U3764,Female,3764
U3765,Male,3765
U3766,Female,3766
U3767,Female,3767
U3768,Male,3768
U3769,Male,3769
U3770,Female,3770
U3771,Female,3771
U3772,Male,3772
U3773,Male,3773
U3774,Female,3774
U3775,Female,3775
U3776,Male,3776
U3777,Female,3777
U3778,Female,3778
U3779,Male,3779
U3780,Male,3780
U3781,Male,3781
U3782,Female,3782
U3783,Female,3783
U3784,Male,3784
U3785,Female,3785
U3786,Female,3786
U3787,Female,3787
U3788,Male,3788
U3789,Female,3789
U3790,Male,3790
U3791,Female,3791
U3792,Male,3792
U3793,Female,3793
U3794,Female,3794
U3795,Male,3795
U3796,Female,3796
U3797,Female,3797
U3798,Female,3798
U3799,Male,3799
U3800,Female,3800
U3801,Male,3801
U3802,Female,3802
U3803,Female,3803
U3804,Female,3804
U3805,Male,3805
U3806,Male,3806
U3807,Male,3807
U3808,Female,3808
U3809,Male,3809
U3810,Female,3810
U3811,Male,3811
U3812,Female,3812
U3813,Male,3813
U3814,Female,3814
U3815,Female,3815
U3816,Female,3816
U3817,Female,3817
U3818,Female,3818
U3819,Male,3819
U3820,Male,3820
U3821,Male,3821
U3822,Female,3822
U3823,Male,3823
U3824,Male,3824
U3825,Male,3825
U3826,Female,3826
U3827,Male,3827
U3828,Male,3828
U3829,Male,3829
U3830,Female,3830
U3831,Male,3831
U3832,Female,3832
U3833,Male,3833
U3834,Female,3834
U3835,Male,3835
U3836,Male,3836
U3837,Male,3837
U3838,Male,3838
U3839,Male,3839
U3840,Female,3840
U3841,Female,3841
U3842,Male,3842
U3843,Male,3843
U3844,Male,3844
U3845,Female,3845
U3846,Male,3846
U3847,Male,3847
U3848,Female,3848
U3849,Female,3849
U3850,Male,3850
U3851,Male,3851
U3852,Male,3852
U3853,Male,3853
U3854,Male,3854
U3855,Female,3855
U3856,Female,3856
U3857,Female,3857
U3858,Male,3858
U3859,Male,3859
U3860,Male,3860
U3861,Female,3861
U3862,Male,3862
U3863,Male,3863
U3864,Male,3864
U3865,Male,3865
U3866,Female,3866
U3867,Male,3867
U3868,Male,3868
U3869,Male,3869
U3870,Female,3870
U3871,Female,3871
U3872,Male,3872
U3873,Male,3873
U3874,Female,3874
U3875,Female,3875
U3876,Male,3876
U3877,Male,3877
U3878,Male,3878
U3879,Female,3879
U3880,Male,3880
U3881,Male,3881
U3882,Male,3882
U3883,Female,3883
U3884,Female,3884
U3885,Male,3885
U3886,Male,3886
U3887,Male,3887
U3888,Male,3888
U3889,Female,3889
U3890,Female,3890
U3891,Male,3891
U3892,Male,3892
U3893,Female,3893
U3894,Male,3894
U3895,Female,3895
U3896,Female,3896
U3897,Female,3897
U3898,Male,3898
U3899,Female,3899
U3900,Male,3900
U3901,Male,3901
U3902,Female,3902
U3903,Female,3903
U3904,Male,3904
U3905,Female,3905
U3906,Male,3906
U3907,Female,3907
U3908,Male,3908
U3909,Male,3909
U3910,Male,3910
U3911,Male,3911
U3912,Male,3912
U3913,Female,3913
U3914,Male,3914
U3915,Male,3915
U3916,Female,3916
U3917,Male,3917
U3918,Female,3918
U3919,Male,3919
U3920,Female,3920
U3921,Male,3921
U3922,Male,3922
U3923,Female,3923
U3924,Male,3924
U3925,Male,3925
U3926,Female,3926
U3927,Male,3927
U3928,Female,3928
U3929,Female,3929
U3930,Female,3930
U3931,Male,3931
U3932,Male,3932
U3933,Female,3933
U3934,Female,3934
U3935,Male,3935
U3936,Female,3936
U3937,Female,3937
U3938,Female,3938
U3939,Male,3939
U3940,Male,3940
U3941,Male,3941
U3942,Female,3942
U3943,Male,3943
U3944,Male,3944
U3945,Female,3945
U3946,Male,3946
U3947,Female,3947
U3948,Male,3948
U3949,Male,3949
U3950,Male,3950
U3951,Male,3951
U3952,Male,3952
U3953,Male,3953
U3954,Female,3954
U3955,Male,3955
U3956,Female,3956
U3957,Female,3957
U3958,Male,3958
U3959,Female,3959
U3960,Male,3960
U3961,Female,3961
U3962,Male,3962
U3963,Male,3963
U3964,Male,3964
U3965,Male,3965
U3966,Male,3966
U3967,Female,3967
U3968,Male,3968
U3969,Male,3969
U3970,Male,3970
U3971,Male,3971
U3972,Male,3972
U3973,Female,3973
U3974,Female,3974
U3975,Male,3975
U3976,Female,3976
U3977,Female,3977
U3978,Female,3978
U3979,Male,3979
U3980,Male,3980
U3981,Female,3981
U3982,Female,3982
U3983,Male,3983
U3984,Female,3984
U3985,Female,3985
U3986,Female,3986
U3987,Male,3987
U3988,Male,3988
U3989,Female,3989
U3990,Male,3990
U3991,Female,3991
U3992,Male,3992
U3993,Male,3993
U3994,Female,3994
U3995,Male,3995
U3996,Male,3996
U3997,Male,3997
U3998,Female,3998
U3999,Male,3999
U4000,Female,4000
U4001,Female,4001
U4002,Female,4002
U4003,Female,4003
U4004,Female,4004
U4005,Male,4005
U4006,Female,4006
U4007,Female,4007
U4008,Male,4008
U4009,Female,4009
U4010,Male,4010
U4011,Female,4011
U4012,Female,4012
U4013,Female,4013
U4014,Male,4014
U4015,Male,4015
U4016,Female,4016
U4017,Male,4017
U4018,Male,4018
U4019,Female,4019
U4020,Female,4020
U4021,Female,4021
U4022,Male,4022
U4023,Female,4023
U4024,Female,4024
U4025,Male,4025
U4026,Male,4026
U4027,Male,4027
U4028,Male,4028
U4029,Male,4029
U4030,Male,4030
U4031,Female,4031
U4032,Female,4032
U4033,Female,4033
U4034,Female,4034
U4035,Male,4035
U4036,Male,4036
U4037,Male,4037
U4038,Male,4038
U4039,Female,4039
U4040,Female,4040
U4041,Female,4041
U4042,Male,4042
U4043,Female,4043
U4044,Male,4044
U4045,Female,4045
U4046,Male,4046
U4047,Female,4047
U4048,Female,4048
U4049,Female,4049
U4050,Female,4050
U4051,Male,4051
U4052,Male,4052
U4053,Female,4053
U4054,Male,4054
U4055,Female,4055
U4056,Male,4056
U4057,Male,4057
U4058,Male,4058
U4059,Male,4059
U4060,Male,4060
U4061,Male,4061
U4062,Male,4062
U4063,Male,4063
U4064,Male,4064
U4065,Male,4065
U4066,Female,4066
U4067,Male,4067
U4068,Female,4068
U4069,Male,4069
U4070,Female,4070
U4071,Female,4071
U4072,Male,4072
U4073,Male,4073
U4074,Female,4074
U4075,Male,4075
U4076,Male,4076
U4077,Female,4077
U4078,Male,4078
U4079,Male,4079
U4080,Female,4080
U4081,Male,4081
U4082,Female,4082
U4083,Male,4083
U4084,Female,4084
U4085,Female,4085
U4086,Male,4086
U4087,Female,4087
U4088,Female,4088
U4089,Male,4089
U4090,Female,4090
U4091,Male,4091
U4092,Female,4092
U4093,Female,4093
U4094,Male,4094
U4095,Female,4095
U4096,Male,4096
U4097,Female,4097
U4098,Female,4098
U4099,Male,4099
U4100,Male,4100
U4101,Male,4101
U4102,Female,4102
U4103,Female,4103
U4104,Male,4104
U4105,Female,4105
U4106,Male,4106
U4107,Male,4107
U4108,Male,4108
U4109,Male,4109
U4110,Female,4110
U4111,Male,4111
U4112,Female,4112
U4113,Male,4113
U4114,Male,4114
U4115,Male,4115
U4116,Male,4116
U4117,Female,4117
U4118,Male,4118
U4119,Female,4119
U4120,Female,4120
U4121,Male,4121
U4122,Female,4122
U4123,Male,4123
U4124,Male,4124
U4125,Male,4125
U4126,Female,4126
U4127,Male,4127
U4128,Female,4128
U4129,Male,4129
U4130,Male,4130
U4131,Male,4131
U4132,Female,4132
U4133,Male,4133
U4134,Male,4134
U4135,Female,4135
U4136,Female,4136
U4137,Male,4137
U4138,Female,4138
U4139,Male,4139
U4140,Female,4140
U4141,Female,4141
U4142,Female,4142
U4143,Male,4143
U4144,Male,4144
U4145,Male,4145
U4146,Male,4146
U4147,Male,4147
U4148,Female,4148
U4149,Male,4149
U4150,Male,4150
U4151,Female,4151
U4152,Female,4152
U4153,Male,4153
U4154,Male,4154
U4155,Female,4155
U4156,Male,4156
U4157,Female,4157
U4158,Male,4158
U4159,Male,4159
U4160,Female,4160
U4161,Male,4161
U4162,Female,4162
U4163,Male,4163
U4164,Male,4164
U4165,Male,4165
U4166,Female,4166
U4167,Male,4167
U4168,Female,4168
U4169,Male,4169
U4170,Male,4170
U4171,Male,4171
U4172,Female,4172
U4173,Male,4173
U4174,Female,4174
U4175,Female,4175
U4176,Female,4176
U4177,Female,4177
U4178,Female,4178
U4179,Male,4179
U4180,Female,4180
U4181,Male,4181
U4182,Female,4182
U4183,Male,4183
U4184,Male,4184
U4185,Male,4185
U4186,Male,4186
U4187,Female,4187
U4188,Male,4188
U4189,Male,4189
U4190,Male,4190
U4191,Female,4191
U4192,Female,4192
U4193,Female,4193
U4194,Female,4194
U4195,Male,4195
U4196,Male,4196
U4197,Male,4197
U4198,Male,4198
U4199,Female,4199
U4200,Female,4200
U4201,Male,4201
U4202,Male,4202
U4203,Male,4203
U4204,Male,4204
U4205,Female,4205
U4206,Male,4206
U4207,Female,4207
U4208,Male,4208
U4209,Female,4209
U4210,Female,4210
U4211,Female,4211
U4212,Female,4212
U4213,Male,4213
U4214,Female,4214
U4215,Male,4215
U4216,Male,4216
U4217,Male,4217
U4218,Female,4218
U4219,Male,4219
U4220,Female,4220
U4221,Female,4221
U4222,Female,4222
U4223,Male,4223
U4224,Female,4224
U4225,Male,4225
U4226,Male,4226
U4227,Male,4227
U4228,Male,4228
U4229,Female,4229
U4230,Male,4230
U4231,Male,4231
U4232,Male,4232
U4233,Male,4233
U4234,Male,4234
U4235,Male,4235
U4236,Female,4236
U4237,Male,4237
U4238,Male,4238
U4239,Male,4239
U4240,Female,4240
U4241,Female,4241
U4242,Male,4242
U4243,Male,4243
U4244,Female,4244
U4245,Female,4245
U4246,Male,4246
U4247,Female,4247
U4248,Male,4248
U4249,Female,4249
U4250,Female,4250
U4251,Female,4251
U4252,Male,4252
U4253,Female,4253
U4254,Male,4254
U4255,Female,4255
U4256,Female,4256
U4257,Female,4257
U4258,Male,4258
U4259,Male,4259
U4260,Female,4260
U4261,Male,4261
U4262,Female,4262
U4263,Female,4263
U4264,Male,4264
U4265,Female,4265
U4266,Male,4266
U4267,Female,4267
U4268,Female,4268
U4269,Male,4269
U4270,Female,4270
U4271,Male,4271
U4272,Male,4272
U4273,Male,4273
U4274,Female,4274
U4275,Female,4275
U4276,Female,4276
U4277,Male,4277
U4278,Female,4278
U4279,Male,4279
U4280,Male,4280
U4281,Male,4281
U4282,Male,4282
U4283,Male,4283
U4284,Male,4284
U4285,Male,4285
U4286,Male,4286
U4287,Male,4287
U4288,Male,4288
U4289,Male,4289
U4290,Female,4290
U4291,Male,4291
U4292,Male,4292
U4293,Female,4293
U4294,Male,4294
U4295,Male,4295
U4296,Female,4296
U4297,Female,4297
U4298,Male,4298
U4299,Female,4299
U4300,Male,4300
U4301,Male,4301
U4302,Female,4302
U4303,Male,4303
U4304,Male,4304
U4305,Male,4305
U4306,Female,4306
U4307,Female,4307
U4308,Female,4308
U4309,Female,4309
U4310,Female,4310
U4311,Male,4311
U4312,Male,4312
U4313,Female,4313
U4314,Female,4314
U4315,Male,4315
U4316,Female,4316
U4317,Female,4317
U4318,Male,4318
U4319,Male,4319
U4320,Female,4320
U4321,Female,4321
U4322,Male,4322
U4323,Female,4323
U4324,Female,4324
U4325,Female,4325
U4326,Male,4326
U4327,Male,4327
U4328,Female,4328
U4329,Male,4329
U4330,Male,4330
U4331,Female,4331
U4332,Male,4332
U4333,Male,4333
U4334,Male,4334
U4335,Male,4335
U4336,Male,4336
U4337,Female,4337
U4338,Female,4338
U4339,Male,4339
U4340,Male,4340
U4341,Female,4341
U4342,Female,4342
U4343,Female,4343
U4344,Male,4344
U4345,Male,4345
U4346,Male,4346
U4347,Female,4347
U4348,Male,4348
U4349,Female,4349
U4350,Female,4350
U4351,Male,4351
U4352,Male,4352
U4353,Male,4353
U4354,Male,4354
U4355,Male,4355
U4356,Female,4356
U4357,Female,4357
U4358,Male,4358
U4359,Male,4359
U4360,Female,4360
U4361,Female,4361
U4362,Female,4362
U4363,Male,4363
U4364,Female,4364
U4365,Male,4365
U4366,Female,4366
U4367,Female,4367
U4368,Female,4368
U4369,Female,4369
U4370,Female,4370
U4371,Male,4371
U4372,Female,4372
U4373,Male,4373
U4374,Female,4374
U4375,Male,4375
U4376,Male,4376
U4377,Male,4377
U4378,Female,4378
U4379,Male,4379
U4380,Male,4380
U4381,Female,4381
U4382,Male,4382
U4383,Female,4383
U4384,Male,4384
U4385,Male,4385
U4386,Male,4386
U4387,Male,4387
U4388,Female,4388
U4389,Female,4389
U4390,Male,4390
U4391,Male,4391
U4392,Male,4392
U4393,Female,4393
U4394,Male,4394
U4395,Male,4395
U4396,Male,4396
U4397,Female,4397
U4398,Female,4398
U4399,Female,4399
U4400,Male,4400
U4401,Female,4401
U4402,Male,4402
U4403,Male,4403
U4404,Male,4404
U4405,Female,4405
U4406,Male,4406
U4407,Female,4407
U4408,Female,4408
U4409,Female,4409
U4410,Female,4410
U4411,Female,4411
U4412,Female,4412
U4413,Male,4413
U4414,Female,4414
U4415,Female,4415
U4416,Male,4416
U4417,Male,4417
U4418,Male,4418
U4419,Male,4419
U4420,Male,4420
U4421,Female,4421
U4422,Female,4422
U4423,Female,4423
U4424,Male,4424
U4425,Female,4425
U4426,Male,4426
U4427,Female,4427
U4428,Male,4428
U4429,Female,4429
U4430,Female,4430
U4431,Male,4431
U4432,Female,4432
U4433,Male,4433
U4434,Male,4434
U4435,Male,4435
U4436,Male,4436
U4437,Female,4437
U4438,Female,4438
U4439,Female,4439
U4440,Female,4440
U4441,Male,4441
U4442,Male,4442
U4443,Female,4443
U4444,Female,4444
U4445,Male,4445
U4446,Male,4446
U4447,Female,4447
U4448,Female,4448
U4449,Male,4449
U4450,Female,4450
U4451,Female,4451
U4452,Male,4452
U4453,Male,4453
U4454,Male,4454
U4455,Female,4455
U4456,Female,4456
U4457,Female,4457
U4458,Female,4458
U4459,Male,4459
U4460,Male,4460
U4461,Female,4461
U4462,Male,4462
U4463,Female,4463
U4464,Female,4464
U4465,Male,4465
U4466,Male,4466
U4467,Male,4467
U4468,Male,4468
U4469,Male,4469
U4470,Male,4470
U4471,Female,4471
U4472,Female,4472
U4473,Male,4473
U4474,Male,4474
U4475,Male,4475
U4476,Male,4476
U4477,Male,4477
U4478,Male,4478
U4479,Male,4479
U4480,Female,4480
U4481,Female,4481
U4482,Male,4482
U4483,Male,4483
U4484,Female,4484
U4485,Male,4485
U4486,Female,4486
U4487,Male,4487
U4488,Male,4488
U4489,Female,4489
U4490,Female,4490
U4491,Male,4491
U4492,Female,4492
U4493,Male,4493
U4494,Female,4494
U4495,Male,4495
U4496,Male,4496
U4497,Male,4497
U4498,Female,4498
U4499,Female,4499
U4500,Female,4500
U4501,Female,4501
U4502,Female,4502
U4503,Male,4503
U4504,Female,4504
U4505,Male,4505
U4506,Male,4506
U4507,Male,4507
U4508,Male,4508
U4509,Female,4509
U4510,Female,4510
U4511,Male,4511
U4512,Male,4512
U4513,Female,4513
U4514,Female,4514
U4515,Female,4515
U4516,Female,4516
U4517,Female,4517
U4518,Male,4518
U4519,Male,4519
U4520,Male,4520
U4521,Female,4521
U4522,Male,4522
U4523,Female,4523
U4524,Female,4524
U4525,Female,4525
U4526,Female,4526
U4527,Male,4527
U4528,Male,4528
U4529,Male,4529
U4530,Female,4530
U4531,Male,4531
U4532,Male,4532
U4533,Female,4533
U4534,Male,4534
U4535,Female,4535
U4536,Male,4536
U4537,Male,4537
U4538,Female,4538
U4539,Female,4539
U4540,Male,4540
U4541,Female,4541
U4542,Male,4542
U4543,Male,4543
U4544,Male,4544
U4545,Male,4545
U4546,Male,4546
U4547,Female,4547
U4548,Female,4548
U4549,Male,4549
U4550,Female,4550
U4551,Female,4551
U4552,Male,4552
U4553,Male,4553
U4554,Female,4554
U4555,Male,4555
U4556,Male,4556
U4557,Female,4557
U4558,Female,4558
U4559,Male,4559
U4560,Male,4560
U4561,Male,4561
U4562,Male,4562
U4563,Female,4563
U4564,Female,4564
U4565,Male,4565
U4566,Male,4566
U4567,Male,4567
U4568,Male,4568
U4569,Female,4569
U4570,Male,4570
U4571,Male,4571
U4572,Male,4572
U4573,Female,4573
U4574,Male,4574
U4575,Male,4575
U4576,Female,4576
U4577,Male,4577
U4578,Male,4578
U4579,Female,4579
U4580,Female,4580
U4581,Male,4581
U4582,Female,4582
U4583,Male,4583
U4584,Male,4584
U4585,Male,4585
U4586,Male,4586
U4587,Female,4587
U4588,Female,4588
U4589,Male,4589
U4590,Female,4590
U4591,Female,4591
U4592,Female,4592
U4593,Male,4593
U4594,Female,4594
U4595,Female,4595
U4596,Male,4596
U4597,Male,4597
U4598,Male,4598
U4599,Female,4599
U4600,Female,4600
U4601,Female,4601
U4602,Male,4602
U4603,Female,4603
U4604,Male,4604
U4605,Female,4605
U4606,Male,4606
U4607,Male,4607
U4608,Female,4608
U4609,Female,4609
U4610,Male,4610
U4611,Male,4611
U4612,Female,4612
U4613,Female,4613
U4614,Male,4614
U4615,Female,4615
U4616,Female,4616
U4617,Male,4617
U4618,Female,4618
U4619,Male,4619
U4620,Male,4620
U4621,Female,4621
U4622,Female,4622
U4623,Female,4623
U4624,Female,4624
U4625,Male,4625
U4626,Male,4626
U4627,Male,4627
U4628,Female,4628
U4629,Female,4629
U4630,Male,4630
U4631,Female,4631
U4632,Female,4632
U4633,Female,4633
U4634,Male,4634
U4635,Female,4635
U4636,Female,4636
U4637,Male,4637
U4638,Male,4638
U4639,Male,4639
U4640,Male,4640
U4641,Female,4641
U4642,Male,4642
U4643,Female,4643
U4644,Female,4644
U4645,Female,4645
U4646,Male,4646
U4647,Female,4647
U4648,Female,4648
U4649,Female,4649
U4650,Male,4650
U4651,Male,4651
U4652,Male,4652
U4653,Female,4653
U4654,Female,4654
U4655,Male,4655
U4656,Male,4656
U4657,Male,4657
U4658,Male,4658
U4659,Male,4659
U4660,Male,4660
U4661,Male,4661
U4662,Male,4662
U4663,Male,4663
U4664,Male,4664
U4665,Male,4665
U4666,Female,4666
U4667,Male,4667
U4668,Male,4668
U4669,Male,4669
U4670,Male,4670
U4671,Male,4671
U4672,Male,4672
U4673,Male,4673
U4674,Female,4674
U4675,Male,4675
U4676,Female,4676
U4677,Female,4677
U4678,Male,4678
U4679,Male,4679
U4680,Female,4680
U4681,Female,4681
U4682,Male,4682
U4683,Male,4683
U4684,Female,4684
U4685,Male,4685
U4686,Male,4686
U4687,Male,4687
U4688,Male,4688
U4689,Female,4689
U4690,Male,4690
U4691,Female,4691
U4692,Female,4692
U4693,Male,4693
U4694,Male,4694
U4695,Male,4695
U4696,Male,4696
U4697,Female,4697
U4698,Male,4698
U4699,Male,4699
U4700,Male,4700
U4701,Male,4701
U4702,Male,4702
U4703,Male,4703
U4704,Female,4704
U4705,Male,4705
U4706,Male,4706
U4707,Male,4707
U4708,Female,4708
U4709,Female,4709
U4710,Male,4710
U4711,Female,4711
U4712,Male,4712
U4713,Female,4713
U4714,Female,4714
U4715,Male,4715
U4716,Male,4716
U4717,Male,4717
U4718,Male,4718
U4719,Male,4719
U4720,Male,4720
U4721,Male,4721
U4722,Female,4722
U4723,Male,4723
U4724,Female,4724
U4725,Female,4725
U4726,Male,4726
U4727,Male,4727
U4728,Male,4728
U4729,Male,4729
U4730,Male,4730
U4731,Male,4731
U4732,Male,4732
U4733,Female,4733
U4734,Male,4734
U4735,Female,4735
U4736,Female,4736
U4737,Male,4737
U4738,Male,4738
U4739,Female,4739
U4740,Male,4740
U4741,Male,4741
U4742,Female,4742
U4743,Female,4743
U4744,Female,4744
U4745,Male,4745
U4746,Male,4746
U4747,Female,4747
U4748,Male,4748
U4749,Male,4749
U4750,Female,4750
U4751,Male,4751
U4752,Female,4752
U4753,Female,4753
U4754,Female,4754
U4755,Female,4755
U4756,Male,4756
U4757,Female,4757
U4758,Male,4758
U4759,Male,4759
U4760,Male,4760
U4761,Male,4761
U4762,Male,4762
U4763,Female,4763
U4764,Female,4764
U4765,Male,4765
U4766,Female,4766
U4767,Male,4767
U4768,Male,4768
U4769,Female,4769
U4770,Male,4770
U4771,Male,4771
U4772,Male,4772
U4773,Male,4773
U4774,Female,4774
U4775,Female,4775
U4776,Male,4776
U4777,Female,4777
U4778,Female,4778
U4779,Male,4779
U4780,Female,4780
U4781,Female,4781
U4782,Male,4782
U4783,Male,4783
U4784,Female,4784
U4785,Female,4785
U4786,Female,4786
U4787,Male,4787
U4788,Male,4788
U4789,Female,4789
U4790,Female,4790
U4791,Female,4791
U4792,Male,4792
U4793,Male,4793
U4794,Female,4794
U4795,Female,4795
U4796,Male,4796
U4797,Female,4797
U4798,Male,4798
U4799,Female,4799
U4800,Male,4800
U4801,Male,4801
U4802,Female,4802
U4803,Male,4803
U4804,Female,4804
U4805,Female,4805
U4806,Male,4806
U4807,Female,4807
U4808,Female,4808
U4809,Male,4809
U4810,Male,4810
U4811,Female,4811
U4812,Female,4812
U4813,Female,4813
U4814,Male,4814
U4815,Male,4815
U4816,Female,4816
U4817,Female,4817
U4818,Female,4818
U4819,Female,4819
U4820,Male,4820
U4821,Male,4821
U4822,Female,4822
U4823,Female,4823
U4824,Female,4824
U4825,Female,4825
U4826,Female,4826
U4827,Male,4827
U4828,Male,4828
U4829,Female,4829
U4830,Male,4830
U4831,Female,4831
U4832,Male,4832
U4833,Male,4833
U4834,Female,4834
U4835,Female,4835
U4836,Male,4836
U4837,Male,4837
U4838,Female,4838
U4839,Male,4839
U4840,Female,4840
U4841,Male,4841
U4842,Male,4842
U4843,Male,4843
U4844,Male,4844
U4845,Male,4845
U4846,Male,4846
U4847,Male,4847
U4848,Male,4848
U4849,Female,4849
U4850,Male,4850
U4851,Male,4851
U4852,Male,4852
U4853,Male,4853
U4854,Female,4854
U4855,Male,4855
U4856,Male,4856
U4857,Male,4857
U4858,Male,4858
U4859,Male,4859
U4860,Female,4860
U4861,Male,4861
U4862,Female,4862
U4863,Male,4863
U4864,Female,4864
U4865,Female,4865
U4866,Male,4866
U4867,Male,4867
U4868,Female,4868
U4869,Male,4869
U4870,Female,4870
U4871,Female,4871
U4872,Female,4872
U4873,Female,4873
U4874,Male,4874
U4875,Male,4875
U4876,Male,4876
U4877,Male,4877
U4878,Male,4878
U4879,Male,4879
U4880,Male,4880
U4881,Female,4881
U4882,Male,4882
U4883,Female,4883
U4884,Male,4884
U4885,Male,4885
U4886,Male,4886
U4887,Male,4887
U4888,Female,4888
U4889,Male,4889
U4890,Female,4890
U4891,Female,4891
U4892,Female,4892
U4893,Female,4893
U4894,Female,4894
U4895,Male,4895
U4896,Male,4896
U4897,Female,4897
U4898,Male,4898
U4899,Female,4899
U4900,Male,4900
U4901,Male,4901
U4902,Male,4902
U4903,Female,4903
U4904,Male,4904
U4905,Male,4905
U4906,Female,4906
U4907,Male,4907
U4908,Male,4908
U4909,Male,4909
U4910,Male,4910
U4911,Female,4911
U4912,Female,4912
U4913,Male,4913
U4914,Female,4914
U4915,Male,4915
U4916,Female,4916
U4917,Female,4917
U4918,Female,4918
U4919,Male,4919
U4920,Female,4920
U4921,Female,4921
U4922,Female,4922
U4923,Female,4923
U4924,Male,4924
U4925,Female,4925
U4926,Female,4926
U4927,Female,4927
U4928,Female,4928
U4929,Male,4929
U4930,Female,4930
U4931,Male,4931
U4932,Female,4932
U4933,Male,4933
U4934,Male,4934
U4935,Female,4935
U4936,Male,4936
U4937,Male,4937
U4938,Female,4938
U4939,Male,4939
U4940,Female,4940
U4941,Male,4941
U4942,Male,4942
U4943,Female,4943
U4944,Male,4944
U4945,Female,4945
U4946,Male,4946
U4947,Female,4947
U4948,Female,4948
U4949,Female,4949
U4950,Female,4950
U4951,Female,4951
U4952,Female,4952
U4953,Male,4953
U4954,Female,4954
U4955,Female,4955
U4956,Male,4956
U4957,Female,4957
U4958,Female,4958
U4959,Female,4959
U4960,Male,4960
U4961,Female,4961
U4962,Male,4962
U4963,Female,4963
U4964,Male,4964
U4965,Male,4965
U4966,Male,4966
U4967,Male,4967
U4968,Male,4968
U4969,Male,4969
U4970,Male,4970
U4971,Male,4971
U4972,Male,4972
U4973,Female,4973
U4974,Male,4974
U4975,Male,4975
U4976,Female,4976
U4977,Male,4977
U4978,Male,4978
U4979,Male,4979
U4980,Female,4980
U4981,Female,4981
U4982,Female,4982
U4983,Male,4983
U4984,Male,4984
U4985,Female,4985
U4986,Male,4986
U4987,Female,4987
U4988,Female,4988
U4989,Male,4989
U4990,Male,4990
U4991,Female,4991
U4992,Male,4992
U4993,Female,4993
U4994,Female,4994
U4995,Male,4995
U4996,Female,4996
U4997,Female,4997
U4998,Male,4998
U4999,Female,4999
U5000,Female,5000
U5001,Male,5001
U5002,Female,5002
U5003,Female,5003
U5004,Male,5004
U5005,Male,5005
U5006,Male,5006
U5007,Female,5007
U5008,Male,5008
U5009,Female,5009
U5010,Male,5010
U5011,Female,5011
U5012,Female,5012
U5013,Female,5013
U5014,Female,5014
U5015,Male,5015
U5016,Male,5016
U5017,Female,5017
U5018,Female,5018
U5019,Female,5019
U5020,Male,5020
U5021,Female,5021
U5022,Male,5022
U5023,Female,5023
U5024,Female,5024
U5025,Female,5025
U5026,Male,5026
U5027,Male,5027
U5028,Male,5028
U5029,Female,5029
U5030,Female,5030
U5031,Female,5031
U5032,Female,5032
U5033,Male,5033
U5034,Male,5034
U5035,Female,5035
U5036,Male,5036
U5037,Male,5037
U5038,Male,5038
U5039,Male,5039
U5040,Female,5040
U5041,Female,5041
U5042,Female,5042
U5043,Female,5043
U5044,Male,5044
U5045,Male,5045
U5046,Male,5046
U5047,Male,5047
U5048,Male,5048
U5049,Male,5049
U5050,Male,5050
U5051,Male,5051
U5052,Male,5052
U5053,Female,5053
U5054,Female,5054
U5055,Male,5055
U5056,Male,5056
U5057,Female,5057
U5058,Male,5058
U5059,Male,5059
U5060,Female,5060
U5061,Male,5061
U5062,Female,5062
U5063,Female,5063
U5064,Male,5064
U5065,Male,5065
U5066,Male,5066
U5067,Male,5067
U5068,Female,5068
U5069,Female,5069
U5070,Female,5070
U5071,Female,5071
U5072,Male,5072
U5073,Male,5073
U5074,Male,5074
U5075,Male,5075
U5076,Female,5076
U5077,Male,5077
U5078,Female,5078
U5079,Male,5079
U5080,Female,5080
U5081,Male,5081
U5082,Male,5082
U5083,Female,5083
U5084,Female,5084
U5085,Female,5085
U5086,Male,5086
U5087,Female,5087
U5088,Male,5088
U5089,Female,5089
U5090,Male,5090
U5091,Male,5091
U5092,Male,5092
U5093,Female,5093
U5094,Female,5094
U5095,Male,5095
U5096,Female,5096
U5097,Male,5097
U5098,Male,5098
U5099,Male,5099
U5100,Female,5100
U5101,Female,5101
U5102,Female,5102
U5103,Male,5103
U5104,Male,5104
U5105,Female,5105
U5106,Female,5106
U5107,Female,5107
U5108,Female,5108
U5109,Male,5109
U5110,Female,5110
U5111,Male,5111
U5112,Male,5112
U5113,Female,5113
U5114,Female,5114
U5115,Male,5115
U5116,Female,5116
U5117,Male,5117
U5118,Male,5118
U5119,Male,5119
U5120,Male,5120
U5121,Female,5121
U5122,Male,5122
U5123,Female,5123
U5124,Female,5124
U5125,Male,5125
U5126,Male,5126
U5127,Female,5127
U5128,Female,5128
U5129,Female,5129
U5130,Male,5130
U5131,Female,5131
U5132,Male,5132
U5133,Male,5133
U5134,Male,5134
U5135,Male,5135
U5136,Male,5136
U5137,Male,5137
U5138,Male,5138
U5139,Male,5139
U5140,Male,5140
U5141,Female,5141
U5142,Female,5142
U5143,Female,5143
U5144,Female,5144
U5145,Female,5145
U5146,Female,5146
U5147,Male,5147
U5148,Female,5148
U5149,Female,5149
U5150,Female,5150
U5151,Male,5151
U5152,Female,5152
U5153,Female,5153
U5154,Male,5154
U5155,Male,5155
U5156,Male,5156
U5157,Male,5157
U5158,Male,5158
U5159,Female,5159
U5160,Male,5160
U5161,Female,5161
U5162,Female,5162
U5163,Male,5163
U5164,Male,5164
U5165,Male,5165
U5166,Female,5166
U5167,Male,5167
U5168,Male,5168
U5169,Male,5169
U5170,Female,5170
U5171,Male,5171
U5172,Male,5172
U5173,Male,5173
U5174,Male,5174
U5175,Female,5175
U5176,Female,5176
U5177,Female,5177
U5178,Female,5178
U5179,Female,5179
U5180,Male,5180
U5181,Male,5181
U5182,Male,5182
U5183,Female,5183
U5184,Female,5184
U5185,Female,5185
U5186,Male,5186
U5187,Male,5187
U5188,Male,5188
U5189,Female,5189
U5190,Male,5190
U5191,Male,5191
U5192,Female,5192
U5193,Male,5193
U5194,Female,5194
U5195,Male,5195
U5196,Male,5196
U5197,Female,5197
U5198,Male,5198
U5199,Male,5199
U5200,Female,5200
U5201,Female,5201
U5202,Male,5202
U5203,Male,5203
U5204,Male,5204
U5205,Male,5205
U5206,Female,5206
U5207,Female,5207
U5208,Male,5208
U5209,Female,5209
U5210,Male,5210
U5211,Male,5211
U5212,Female,5212
U5213,Female,5213
U5214,Female,5214
U5215,Male,5215
U5216,Male,5216
U5217,Male,5217
U5218,Male,5218
U5219,Female,5219
U5220,Female,5220
U5221,Male,5221
U5222,Female,5222
U5223,Male,5223
U5224,Female,5224
U5225,Male,5225
U5226,Male,5226
U5227,Female,5227
U5228,Male,5228
U5229,Female,5229
U5230,Male,5230
U5231,Male,5231
U5232,Male,5232
U5233,Male,5233
U5234,Female,5234
U5235,Male,5235
U5236,Female,5236
U5237,Female,5237
U5238,Male,5238
U5239,Female,5239
U5240,Female,5240
U5241,Female,5241
U5242,Female,5242
U5243,Female,5243
U5244,Female,5244
U5245,Female,5245
U5246,Female,5246
U5247,Male,5247
U5248,Female,5248
U5249,Male,5249
U5250,Female,5250
U5251,Male,5251
U5252,Female,5252
U5253,Male,5253
U5254,Male,5254
U5255,Male,5255
U5256,Female,5256
U5257,Female,5257
U5258,Male,5258
U5259,Male,5259
U5260,Male,5260
U5261,Male,5261
U5262,Female,5262
U5263,Male,5263
U5264,Male,5264
U5265,Male,5265
U5266,Male,5266
U5267,Female,5267
U5268,Female,5268
U5269,Male,5269
U5270,Male,5270
U5271,Male,5271
U5272,Female,5272
U5273,Female,5273
U5274,Female,5274
U5275,Female,5275
U5276,Male,5276
U5277,Male,5277
U5278,Female,5278
U5279,Female,5279
U5280,Male,5280
U5281,Female,5281
U5282,Male,5282
U5283,Female,5283
U5284,Male,5284
U5285,Male,5285
U5286,Male,5286
U5287,Female,5287
U5288,Male,5288
U5289,Female,5289
U5290,Female,5290
U5291,Female,5291
U5292,Male,5292
U5293,Female,5293
U5294,Male,5294
U5295,Female,5295
U5296,Female,5296
U5297,Female,5297
U5298,Male,5298
U5299,Female,5299
U5300,Female,5300
U5301,Female,5301
U5302,Male,5302
U5303,Female,5303
U5304,Male,5304
U5305,Female,5305
U5306,Male,5306
U5307,Female,5307
U5308,Male,5308
U5309,Male,5309
U5310,Female,5310
U5311,Male,5311
U5312,Male,5312
U5313,Male,5313
U5314,Female,5314
U5315,Male,5315
U5316,Male,5316
U5317,Female,5317
U5318,Male,5318
U5319,Male,5319
U5320,Male,5320
U5321,Female,5321
U5322,Male,5322
U5323,Male,5323
U5324,Female,5324
U5325,Female,5325
U5326,Female,5326
U5327,Male,5327
U5328,Female,5328
U5329,Male,5329
U5330,Male,5330
U5331,Female,5331
U5332,Male,5332
U5333,Male,5333
U5334,Female,5334
U5335,Female,5335
U5336,Female,5336
U5337,Female,5337
U5338,Female,5338
U5339,Male,5339
U5340,Male,5340
U5341,Male,5341
U5342,Male,5342
U5343,Male,5343
U5344,Male,5344
U5345,Male,5345
U5346,Female,5346
U5347,Female,5347
U5348,Female,5348
U5349,Female,5349
U5350,Female,5350
U5351,Male,5351
U5352,Male,5352
U5353,Male,5353
U5354,Female,5354
U5355,Male,5355
U5356,Male,5356
U5357,Female,5357
U5358,Female,5358
U5359,Female,5359
U5360,Male,5360
U5361,Female,5361
U5362,Male,5362
U5363,Male,5363
U5364,Female,5364
U5365,Female,5365
U5366,Male,5366
U5367,Female,5367
U5368,Female,5368
U5369,Female,5369
U5370,Male,5370
U5371,Male,5371
U5372,Female,5372
U5373,Male,5373
U5374,Female,5374
U5375,Male,5375
U5376,Male,5376
U5377,Male,5377
U5378,Female,5378
U5379,Female,5379
U5380,Male,5380
U5381,Male,5381
U5382,Female,5382
U5383,Female,5383
U5384,Female,5384
U5385,Male,5385
U5386,Male,5386
U5387,Male,5387
U5388,Male,5388
U5389,Male,5389
U5390,Male,5390
U5391,Male,5391
U5392,Male,5392
U5393,Male,5393
U5394,Female,5394
U5395,Female,5395
U5396,Female,5396
U5397,Female,5397
U5398,Female,5398
U5399,Male,5399
U5400,Female,5400
U5401,Male,5401
U5402,Male,5402
U5403,Male,5403
U5404,Female,5404
U5405,Male,5405
U5406,Male,5406
U5407,Male,5407
U5408,Male,5408
U5409,Male,5409
U5410,Female,5410
U5411,Male,5411
U5412,Male,5412
U5413,Male,5413
U5414,Female,5414
U5415,Male,5415
U5416,Male,5416
U5417,Male,5417
U5418,Female,5418
U5419,Female,5419
U5420,Female,5420
U5421,Male,5421
U5422,Male,5422
U5423,Male,5423
U5424,Male,5424
U5425,Female,5425
U5426,Male,5426
U5427,Male,5427
U5428,Female,5428
U5429,Female,5429
U5430,Female,5430
U5431,Female,5431
U5432,Male,5432
U5433,Male,5433
U5434,Male,5434
U5435,Male,5435
U5436,Male,5436
U5437,Male,5437
U5438,Female,5438
U5439,Male,5439
U5440,Male,5440
U5441,Male,5441
U5442,Female,5442
U5443,Male,5443
U5444,Male,5444
U5445,Male,5445
U5446,Male,5446
U5447,Male,5447
U5448,Male,5448
U5449,Male,5449
U5450,Male,5450
U5451,Female,5451
U5452,Female,5452
U5453,Female,5453
U5454,Male,5454
U5455,Female,5455
U5456,Male,5456
U5457,Female,5457
U5458,Female,5458
U5459,Female,5459
U5460,Male,5460
U5461,Male,5461
U5462,Female,5462
U5463,Female,5463
U5464,Male,5464
U5465,Male,5465
U5466,Female,5466
U5467,Male,5467
U5468,Male,5468
U5469,Male,5469
U5470,Male,5470
U5471,Male,5471
U5472,Male,5472
U5473,Male,5473
U5474,Male,5474
U5475,Male,5475
U5476,Male,5476
U5477,Female,5477
U5478,Male,5478
U5479,Male,5479
U5480,Female,5480
U5481,Male,5481
U5482,Male,5482
U5483,Male,5483
U5484,Male,5484
U5485,Male,5485
U5486,Male,5486
U5487,Female,5487
U5488,Female,5488
U5489,Male,5489
U5490,Male,5490
U5491,Female,5491
U5492,Male,5492
U5493,Male,5493
U5494,Male,5494
U5495,Female,5495
U5496,Male,5496
U5497,Female,5497
U5498,Male,5498
U5499,Female,5499
U5500,Male,5500
U5501,Male,5501
U5502,Female,5502
U5503,Female,5503
U5504,Male,5504
U5505,Female,5505
U5506,Male,5506
U5507,Female,5507
U5508,Female,5508
U5509,Male,5509
U5510,Male,5510
U5511,Male,5511
U5512,Female,5512
U5513,Male,5513
U5514,Male,5514
U5515,Male,5515
U5516,Male,5516
U5517,Female,5517
U5518,Male,5518
U5519,Male,5519
U5520,Male,5520
U5521,Female,5521
U5522,Female,5522
U5523,Female,5523
U5524,Female,5524
U5525,Male,5525
U5526,Male,5526
U5527,Female,5527
U5528,Male,5528
U5529,Male,5529
U5530,Male,5530
U5531,Female,5531
U5532,Female,5532
U5533,Male,5533
U5534,Male,5534
U5535,Female,5535
U5536,Female,5536
U5537,Male,5537
U5538,Female,5538
U5539,Female,5539
U5540,Male,5540
U5541,Male,5541
U5542,Male,5542
U5543,Male,5543
U5544,Male,5544
U5545,Male,5545
U5546,Male,5546
U5547,Female,5547
U5548,Male,5548
U5549,Male,5549
U5550,Male,5550
U5551,Female,5551
U5552,Male,5552
U5553,Male,5553
U5554,Male,5554
U5555,Female,5555
U5556,Male,5556
U5557,Female,5557
U5558,Male,5558
U5559,Male,5559
U5560,Male,5560
U5561,Female,5561
U5562,Female,5562
U5563,Male,5563
U5564,Female,5564
U5565,Male,5565
U5566,Male,5566
U5567,Male,5567
U5568,Male,5568
U5569,Female,5569
U5570,Female,5570
U5571,Male,5571
U5572,Male,5572
U5573,Male,5573
U5574,Female,5574
U5575,Male,5575
U5576,Female,5576
U5577,Male,5577
U5578,Female,5578
U5579,Female,5579
U5580,Male,5580
U5581,Male,5581
U5582,Male,5582
U5583,Female,5583
U5584,Male,5584
U5585,Male,5585
U5586,Male,5586
U5587,Male,5587
U5588,Male,5588
U5589,Male,5589
U5590,Male,5590
U5591,Male,5591
U5592,Male,5592
U5593,Female,5593
U5594,Male,5594
U5595,Female,5595
U5596,Male,5596
U5597,Male,5597
U5598,Male,5598
U5599,Female,5599
U5600,Male,5600
U5601,Male,5601
U5602,Male,5602
U5603,Male,5603
U5604,Male,5604
U5605,Male,5605
U5606,Male,5606
U5607,Male,5607
U5608,Male,5608
U5609,Male,5609
U5610,Male,5610
U5611,Female,5611
U5612,Male,5612
U5613,Male,5613
U5614,Male,5614
U5615,Male,5615
U5616,Female,5616
U5617,Female,5617
U5618,Male,5618
U5619,Female,5619
U5620,Male,5620
U5621,Female,5621
U5622,Female,5622
U5623,Male,5623
U5624,Male,5624
U5625,Female,5625
U5626,Male,5626
U5627,Female,5627
U5628,Male,5628
U5629,Male,5629
U5630,Male,5630
U5631,Female,5631
U5632,Female,5632
U5633,Male,5633
U5634,Male,5634
U5635,Male,5635
U5636,Female,5636
U5637,Male,5637
U5638,Male,5638
U5639,Male,5639
U5640,Male,5640
U5641,Female,5641
U5642,Male,5642
U5643,Male,5643
U5644,Female,5644
U5645,Female,5645
U5646,Female,5646
U5647,Female,5647
U5648,Male,5648
U5649,Male,5649
U5650,Male,5650
U5651,Female,5651
U5652,Female,5652
U5653,Male,5653
U5654,Female,5654
U5655,Male,5655
U5656,Female,5656
U5657,Male,5657
U5658,Female,5658
U5659,Female,5659
U5660,Male,5660
U5661,Male,5661
U5662,Female,5662
U5663,Female,5663
U5664,Female,5664
U5665,Female,5665
U5666,Male,5666
U5667,Female,5667
U5668,Male,5668
U5669,Male,5669
U5670,Male,5670
U5671,Female,5671
U5672,Female,5672
U5673,Male,5673
U5674,Male,5674
U5675,Female,5675
U5676,Female,5676
U5677,Female,5677
U5678,Male,5678
U5679,Male,5679
U5680,Male,5680
U5681,Male,5681
U5682,Female,5682
U5683,Male,5683
U5684,Female,5684
U5685,Male,5685
U5686,Female,5686
U5687,Female,5687
U5688,Male,5688
U5689,Male,5689
U5690,Female,5690
U5691,Female,5691
U5692,Female,5692
U5693,Female,5693
U5694,Male,5694
U5695,Male,5695
U5696,Female,5696
U5697,Female,5697
U5698,Male,5698
U5699,Male,5699
U5700,Male,5700
U5701,Male,5701
U5702,Male,5702
U5703,Male,5703
U5704,Male,5704
U5705,Female,5705
U5706,Male,5706
U5707,Male,5707
U5708,Male,5708
U5709,Male,5709
U5710,Female,5710
U5711,Male,5711
U5712,Male,5712
U5713,Female,5713
U5714,Female,5714
U5715,Female,5715
U5716,Female,5716
U5717,Female,5717
U5718,Male,5718
U5719,Male,5719
U5720,Female,5720
U5721,Male,5721
U5722,Female,5722
U5723,Male,5723
U5724,Male,5724
U5725,Female,5725
U5726,Female,5726
U5727,Male,5727
U5728,Male,5728
U5729,Female,5729
U5730,Male,5730
U5731,Male,5731
U5732,Male,5732
U5733,Male,5733
U5734,Female,5734
U5735,Female,5735
U5736,Male,5736
U5737,Male,5737
U5738,Female,5738
U5739,Female,5739
U5740,Female,5740
U5741,Male,5741
U5742,Male,5742
U5743,Female,5743
U5744,Female,5744
U5745,Female,5745
U5746,Female,5746
U5747,Female,5747
U5748,Male,5748
U5749,Male,5749
U5750,Male,5750
U5751,Male,5751
U5752,Female,5752
U5753,Female,5753
U5754,Male,5754
U5755,Male,5755
U5756,Female,5756
U5757,Female,5757
U5758,Male,5758
U5759,Female,5759
U5760,Male,5760
U5761,Female,5761
U5762,Female,5762
U5763,Male,5763
U5764,Male,5764
U5765,Female,5765
U5766,Male,5766
U5767,Male,5767
U5768,Male,5768
U5769,Male,5769
U5770,Female,5770
U5771,Female,5771
U5772,Male,5772
U5773,Male,5773
U5774,Female,5774
U5775,Female,5775
U5776,Female,5776
U5777,Male,5777
U5778,Male,5778
U5779,Female,5779
U5780,Male,5780
U5781,Female,5781
U5782,Male,5782
U5783,Female,5783
U5784,Female,5784
U5785,Male,5785
U5786,Male,5786
U5787,Male,5787
U5788,Female,5788
U5789,Male,5789
U5790,Male,5790
U5791,Female,5791
U5792,Female,5792
U5793,Female,5793
U5794,Female,5794
U5795,Male,5795
U5796,Male,5796
U5797,Female,5797
U5798,Male,5798
U5799,Male,5799
U5800,Female,5800
U5801,Male,5801
U5802,Female,5802
U5803,Female,5803
U5804,Female,5804
U5805,Male,5805
U5806,Male,5806
U5807,Female,5807
U5808,Male,5808
U5809,Male,5809
U5810,Male,5810
U5811,Male,5811
U5812,Female,5812
U5813,Male,5813
U5814,Female,5814
U5815,Male,5815
U5816,Male,5816
U5817,Male,5817
U5818,Male,5818
U5819,Female,5819
U5820,Female,5820
U5821,Female,5821
U5822,Male,5822
U5823,Male,5823
U5824,Female,5824
U5825,Male,5825
U5826,Female,5826
U5827,Female,5827
U5828,Male,5828
U5829,Female,5829
U5830,Female,5830
U5831,Male,5831
U5832,Male,5832
U5833,Female,5833
U5834,Male,5834
U5835,Male,5835
U5836,Male,5836
U5837,Female,5837
U5838,Male,5838
U5839,Female,5839
U5840,Female,5840
U5841,Male,5841
U5842,Male,5842
U5843,Female,5843
U5844,Female,5844
U5845,Male,5845
U5846,Female,5846
U5847,Female,5847
U5848,Female,5848
U5849,Female,5849
U5850,Female,5850
U5851,Male,5851
U5852,Male,5852
U5853,Male,5853
U5854,Male,5854
U5855,Female,5855
U5856,Female,5856
U5857,Female,5857
U5858,Male,5858
U5859,Female,5859
U5860,Female,5860
U5861,Male,5861
U5862,Male,5862
U5863,Male,5863
U5864,Female,5864
U5865,Male,5865
U5866,Male,5866
U5867,Female,5867
U5868,Male,5868
U5869,Male,5869
U5870,Male,5870
U5871,Female,5871
U5872,Male,5872
U5873,Male,5873
U5874,Male,5874
U5875,Female,5875
U5876,Male,5876
U5877,Male,5877
U5878,Male,5878
U5879,Female,5879
U5880,Female,5880
U5881,Male,5881
U5882,Male,5882
U5883,Male,5883
U5884,Female,5884
U5885,Female,5885
U5886,Female,5886
U5887,Male,5887
U5888,Male,5888
U5889,Female,5889
U5890,Male,5890
U5891,Female,5891
U5892,Male,5892
U5893,Female,5893
U5894,Female,5894
U5895,Male,5895
U5896,Female,5896
U5897,Male,5897
U5898,Male,5898
U5899,Female,5899
U5900,Female,5900
U5901,Male,5901
U5902,Female,5902
U5903,Female,5903
U5904,Male,5904
U5905,Female,5905
U5906,Female,5906
U5907,Male,5907
U5908,Male,5908
U5909,Male,5909
U5910,Male,5910
U5911,Male,5911
U5912,Male,5912
U5913,Female,5913
U5914,Male,5914
U5915,Female,5915
U5916,Male,5916
U5917,Male,5917
U5918,Male,5918
U5919,Male,5919
U5920,Male,5920
U5921,Male,5921
U5922,Female,5922
U5923,Female,5923
U5924,Male,5924
U5925,Male,5925
U5926,Male,5926
U5927,Male,5927
U5928,Male,5928
U5929,Male,5929
U5930,Female,5930
U5931,Female,5931
U5932,Female,5932
U5933,Female,5933
U5934,Female,5934
U5935,Male,5935
U5936,Male,5936
U5937,Male,5937
U5938,Male,5938
U5939,Female,5939
U5940,Female,5940
U5941,Male,5941
U5942,Male,5942
U5943,Female,5943
U5944,Male,5944
U5945,Female,5945
U5946,Male,5946
U5947,Male,5947
U5948,Male,5948
U5949,Male,5949
U5950,Female,5950
U5951,Male,5951
U5952,Male,5952
U5953,Female,5953
U5954,Female,5954
U5955,Male,5955
U5956,Male,5956
U5957,Female,5957
U5958,Male,5958
U5959,Female,5959
U5960,Male,5960
U5961,Male,5961
U5962,Female,5962
U5963,Female,5963
U5964,Male,5964
U5965,Female,5965
U5966,Female,5966
U5967,Male,5967
U5968,Female,5968
U5969,Male,5969
U5970,Female,5970
U5971,Female,5971
U5972,Female,5972
U5973,Male,5973
U5974,Male,5974
U5975,Male,5975
U5976,Male,5976
U5977,Male,5977
U5978,Female,5978
U5979,Male,5979
U5980,Male,5980
U5981,Female,5981
U5982,Female,5982
U5983,Male,5983
U5984,Male,5984
U5985,Male,5985
U5986,Male,5986
U5987,Male,5987
U5988,Female,5988
U5989,Male,5989
U5990,Female,5990
U5991,Female,5991
U5992,Male,5992
U5993,Male,5993
U5994,Female,5994
U5995,Male,5995
U5996,Female,5996
U5997,Female,5997
U5998,Male,5998
U5999,Female,5999
U6000,Male,6000
U6001,Female,6001
U6002,Male,6002
U6003,Male,6003
U6004,Male,6004
U6005,Male,6005
U6006,Male,6006
U6007,Female,6007
U6008,Male,6008
U6009,Male,6009
U6010,Female,6010
U6011,Female,6011
U6012,Male,6012
U6013,Male,6013
U6014,Male,6014
U6015,Female,6015
U6016,Male,6016
U6017,Female,6017
U6018,Female,6018
U6019,Female,6019
U6020,Female,6020
U6021,Female,6021
U6022,Female,6022
U6023,Female,6023
U6024,Male,6024
U6025,Female,6025
U6026,Female,6026
U6027,Male,6027
U6028,Male,6028
U6029,Male,6029
U6030,Female,6030
